week_start_target,채수위치,scenario_id,scenario_title,조건,예상,권고_전체,inferred_activity_buckets,manual_activity_plan_메모,manual_담당_부서
2024-07-01,문의,S3,방류 감소·수온 높음,방류 감소 추세와 고수온,체류시간 증가로 조류 증식 가능성,수문·방류 운영 검토 | 취수 수심·위치 조정 가능성 검토,물순환·방류·유입; 취수·위치,,
2024-07-01,문의,S4,Chl-a·pH 상승,클로로필-a 및 pH 상승 추세,"조류 생체량 증가 신호, 유해남조류 증가 가능성",조류 종 분석 강화 | 발령단계 전환 모니터링,모니터링·분석,,
2024-07-08,문의,S2,집중호우·유입 증가,최근 4주 강수·유입 증가 추세,"단기 혼합으로 세포 수 변동 가능, 영양염 유입에 따른 지연 증가 위험",1~2주 후 재예측·채수 주기 단축 | 탁도·유해남조류 동시 추적,모니터링·분석; 물순환·방류·유입,,
2024-07-08,문의,S3,방류 감소·수온 높음,방류 감소 추세와 고수온,체류시간 증가로 조류 증식 가능성,수문·방류 운영 검토 | 취수 수심·위치 조정 가능성 검토,물순환·방류·유입; 취수·위치,,
2024-07-15,문의,S2,집중호우·유입 증가,최근 4주 강수·유입 증가 추세,"단기 혼합으로 세포 수 변동 가능, 영양염 유입에 따른 지연 증가 위험",1~2주 후 재예측·채수 주기 단축 | 탁도·유해남조류 동시 추적,모니터링·분석; 물순환·방류·유입,,
2024-07-15,문의,SX,모델 기반 위험,"관심 이상 확률 약 60%, 예측 세포수(대략) 1061 cells/mL",다음 주 관심 이상 가능성 상대적으로 큼,해당 지점 수질 모니터링 강화 | 취수장 사전 대응·활성탄 등 준비 | 방류량 조정 가능성 검토,모니터링·분석; 물순환·방류·유입; 약품·활성탄; 취수·위치,,
2024-07-22,문의,S2,집중호우·유입 증가,최근 4주 강수·유입 증가 추세,"단기 혼합으로 세포 수 변동 가능, 영양염 유입에 따른 지연 증가 위험",1~2주 후 재예측·채수 주기 단축 | 탁도·유해남조류 동시 추적,모니터링·분석; 물순환·방류·유입,,
2024-07-22,문의,SX,모델 기반 위험,"관심 이상 확률 약 84%, 예측 세포수(대략) 2043 cells/mL",다음 주 관심 이상 가능성 상대적으로 큼,해당 지점 수질 모니터링 강화 | 취수장 사전 대응·활성탄 등 준비 | 방류량 조정 가능성 검토,모니터링·분석; 물순환·방류·유입; 약품·활성탄; 취수·위치,,
2024-07-29,문의,SX,모델 기반 위험,"관심 이상 확률 약 98%, 예측 세포수(대략) 4986 cells/mL",다음 주 관심 이상 가능성 상대적으로 큼,해당 지점 수질 모니터링 강화 | 취수장 사전 대응·활성탄 등 준비 | 방류량 조정 가능성 검토,모니터링·분석; 물순환·방류·유입; 약품·활성탄; 취수·위치,,
2024-08-05,문의,S1,폭염·고일조·방류 감소,"최근 4주 평균 수온 높음, 일조 증가 추세, 방류 감소 추세",정체·광합성 유리 → 남조류 증가 가능성,관심 단계 사전 대응 검토 | 현장 채수·종조성 모니터링 강화 | 취수장·정수 약품 투입 계획 점검,모니터링·분석; 물순환·방류·유입; 약품·활성탄; 취수·위치,,
2024-08-05,문의,S3,방류 감소·수온 높음,방류 감소 추세와 고수온,체류시간 증가로 조류 증식 가능성,수문·방류 운영 검토 | 취수 수심·위치 조정 가능성 검토,물순환·방류·유입; 취수·위치,,
2024-08-05,문의,S4,Chl-a·pH 상승,클로로필-a 및 pH 상승 추세,"조류 생체량 증가 신호, 유해남조류 증가 가능성",조류 종 분석 강화 | 발령단계 전환 모니터링,모니터링·분석,,
2024-08-05,문의,SX,모델 기반 위험,"관심 이상 확률 약 100%, 예측 세포수(대략) 23649 cells/mL",다음 주 관심 이상 가능성 상대적으로 큼,해당 지점 수질 모니터링 강화 | 취수장 사전 대응·활성탄 등 준비 | 방류량 조정 가능성 검토,모니터링·분석; 물순환·방류·유입; 약품·활성탄; 취수·위치,,
2024-08-12,문의,S1,폭염·고일조·방류 감소,"최근 4주 평균 수온 높음, 일조 증가 추세, 방류 감소 추세",정체·광합성 유리 → 남조류 증가 가능성,관심 단계 사전 대응 검토 | 현장 채수·종조성 모니터링 강화 | 취수장·정수 약품 투입 계획 점검,모니터링·분석; 물순환·방류·유입; 약품·활성탄; 취수·위치,,
2024-08-12,문의,S3,방류 감소·수온 높음,방류 감소 추세와 고수온,체류시간 증가로 조류 증식 가능성,수문·방류 운영 검토 | 취수 수심·위치 조정 가능성 검토,물순환·방류·유입; 취수·위치,,
2024-08-12,문의,S4,Chl-a·pH 상승,클로로필-a 및 pH 상승 추세,"조류 생체량 증가 신호, 유해남조류 증가 가능성",조류 종 분석 강화 | 발령단계 전환 모니터링,모니터링·분석,,
2024-08-12,문의,SX,모델 기반 위험,"관심 이상 확률 약 100%, 예측 세포수(대략) 35037 cells/mL",다음 주 관심 이상 가능성 상대적으로 큼,해당 지점 수질 모니터링 강화 | 취수장 사전 대응·활성탄 등 준비 | 방류량 조정 가능성 검토,모니터링·분석; 물순환·방류·유입; 약품·활성탄; 취수·위치,,
2024-08-19,문의,S1,폭염·고일조·방류 감소,"최근 4주 평균 수온 높음, 일조 증가 추세, 방류 감소 추세",정체·광합성 유리 → 남조류 증가 가능성,관심 단계 사전 대응 검토 | 현장 채수·종조성 모니터링 강화 | 취수장·정수 약품 투입 계획 점검,모니터링·분석; 물순환·방류·유입; 약품·활성탄; 취수·위치,,
2024-08-19,문의,S3,방류 감소·수온 높음,방류 감소 추세와 고수온,체류시간 증가로 조류 증식 가능성,수문·방류 운영 검토 | 취수 수심·위치 조정 가능성 검토,물순환·방류·유입; 취수·위치,,
2024-08-19,문의,SX,모델 기반 위험,"관심 이상 확률 약 100%, 예측 세포수(대략) 36396 cells/mL",다음 주 관심 이상 가능성 상대적으로 큼,해당 지점 수질 모니터링 강화 | 취수장 사전 대응·활성탄 등 준비 | 방류량 조정 가능성 검토,모니터링·분석; 물순환·방류·유입; 약품·활성탄; 취수·위치,,
2024-08-26,문의,S3,방류 감소·수온 높음,방류 감소 추세와 고수온,체류시간 증가로 조류 증식 가능성,수문·방류 운영 검토 | 취수 수심·위치 조정 가능성 검토,물순환·방류·유입; 취수·위치,,
2024-08-26,문의,S4,Chl-a·pH 상승,클로로필-a 및 pH 상승 추세,"조류 생체량 증가 신호, 유해남조류 증가 가능성",조류 종 분석 강화 | 발령단계 전환 모니터링,모니터링·분석,,
2024-08-26,문의,SX,모델 기반 위험,"관심 이상 확률 약 100%, 예측 세포수(대략) 32658 cells/mL",다음 주 관심 이상 가능성 상대적으로 큼,해당 지점 수질 모니터링 강화 | 취수장 사전 대응·활성탄 등 준비 | 방류량 조정 가능성 검토,모니터링·분석; 물순환·방류·유입; 약품·활성탄; 취수·위치,,
2024-09-02,문의,S3,방류 감소·수온 높음,방류 감소 추세와 고수온,체류시간 증가로 조류 증식 가능성,수문·방류 운영 검토 | 취수 수심·위치 조정 가능성 검토,물순환·방류·유입; 취수·위치,,
2024-09-02,문의,SX,모델 기반 위험,"관심 이상 확률 약 100%, 예측 세포수(대략) 13309 cells/mL",다음 주 관심 이상 가능성 상대적으로 큼,해당 지점 수질 모니터링 강화 | 취수장 사전 대응·활성탄 등 준비 | 방류량 조정 가능성 검토,모니터링·분석; 물순환·방류·유입; 약품·활성탄; 취수·위치,,
2024-09-09,문의,S3,방류 감소·수온 높음,방류 감소 추세와 고수온,체류시간 증가로 조류 증식 가능성,수문·방류 운영 검토 | 취수 수심·위치 조정 가능성 검토,물순환·방류·유입; 취수·위치,,
2024-09-09,문의,SX,모델 기반 위험,"관심 이상 확률 약 100%, 예측 세포수(대략) 19267 cells/mL",다음 주 관심 이상 가능성 상대적으로 큼,해당 지점 수질 모니터링 강화 | 취수장 사전 대응·활성탄 등 준비 | 방류량 조정 가능성 검토,모니터링·분석; 물순환·방류·유입; 약품·활성탄; 취수·위치,,
2024-09-16,문의,S1,폭염·고일조·방류 감소,"최근 4주 평균 수온 높음, 일조 증가 추세, 방류 감소 추세",정체·광합성 유리 → 남조류 증가 가능성,관심 단계 사전 대응 검토 | 현장 채수·종조성 모니터링 강화 | 취수장·정수 약품 투입 계획 점검,모니터링·분석; 물순환·방류·유입; 약품·활성탄; 취수·위치,,
2024-09-16,문의,S3,방류 감소·수온 높음,방류 감소 추세와 고수온,체류시간 증가로 조류 증식 가능성,수문·방류 운영 검토 | 취수 수심·위치 조정 가능성 검토,물순환·방류·유입; 취수·위치,,
2024-09-16,문의,SX,모델 기반 위험,"관심 이상 확률 약 100%, 예측 세포수(대략) 12814 cells/mL",다음 주 관심 이상 가능성 상대적으로 큼,해당 지점 수질 모니터링 강화 | 취수장 사전 대응·활성탄 등 준비 | 방류량 조정 가능성 검토,모니터링·분석; 물순환·방류·유입; 약품·활성탄; 취수·위치,,
2024-09-23,문의,S2,집중호우·유입 증가,최근 4주 강수·유입 증가 추세,"단기 혼합으로 세포 수 변동 가능, 영양염 유입에 따른 지연 증가 위험",1~2주 후 재예측·채수 주기 단축 | 탁도·유해남조류 동시 추적,모니터링·분석; 물순환·방류·유입,,
2024-09-23,문의,S3,방류 감소·수온 높음,방류 감소 추세와 고수온,체류시간 증가로 조류 증식 가능성,수문·방류 운영 검토 | 취수 수심·위치 조정 가능성 검토,물순환·방류·유입; 취수·위치,,
2024-09-23,문의,SX,모델 기반 위험,"관심 이상 확률 약 100%, 예측 세포수(대략) 19901 cells/mL",다음 주 관심 이상 가능성 상대적으로 큼,해당 지점 수질 모니터링 강화 | 취수장 사전 대응·활성탄 등 준비 | 방류량 조정 가능성 검토,모니터링·분석; 물순환·방류·유입; 약품·활성탄; 취수·위치,,
2024-09-30,문의,S1,폭염·고일조·방류 감소,"최근 4주 평균 수온 높음, 일조 증가 추세, 방류 감소 추세",정체·광합성 유리 → 남조류 증가 가능성,관심 단계 사전 대응 검토 | 현장 채수·종조성 모니터링 강화 | 취수장·정수 약품 투입 계획 점검,모니터링·분석; 물순환·방류·유입; 약품·활성탄; 취수·위치,,
2024-09-30,문의,S3,방류 감소·수온 높음,방류 감소 추세와 고수온,체류시간 증가로 조류 증식 가능성,수문·방류 운영 검토 | 취수 수심·위치 조정 가능성 검토,물순환·방류·유입; 취수·위치,,
2024-09-30,문의,SX,모델 기반 위험,"관심 이상 확률 약 100%, 예측 세포수(대략) 19435 cells/mL",다음 주 관심 이상 가능성 상대적으로 큼,해당 지점 수질 모니터링 강화 | 취수장 사전 대응·활성탄 등 준비 | 방류량 조정 가능성 검토,모니터링·분석; 물순환·방류·유입; 약품·활성탄; 취수·위치,,
2024-10-07,문의,S3,방류 감소·수온 높음,방류 감소 추세와 고수온,체류시간 증가로 조류 증식 가능성,수문·방류 운영 검토 | 취수 수심·위치 조정 가능성 검토,물순환·방류·유입; 취수·위치,,
2024-10-07,문의,SX,모델 기반 위험,"관심 이상 확률 약 100%, 예측 세포수(대략) 13974 cells/mL",다음 주 관심 이상 가능성 상대적으로 큼,해당 지점 수질 모니터링 강화 | 취수장 사전 대응·활성탄 등 준비 | 방류량 조정 가능성 검토,모니터링·분석; 물순환·방류·유입; 약품·활성탄; 취수·위치,,
2024-10-14,문의,S1,폭염·고일조·방류 감소,"최근 4주 평균 수온 높음, 일조 증가 추세, 방류 감소 추세",정체·광합성 유리 → 남조류 증가 가능성,관심 단계 사전 대응 검토 | 현장 채수·종조성 모니터링 강화 | 취수장·정수 약품 투입 계획 점검,모니터링·분석; 물순환·방류·유입; 약품·활성탄; 취수·위치,,
2024-10-14,문의,S3,방류 감소·수온 높음,방류 감소 추세와 고수온,체류시간 증가로 조류 증식 가능성,수문·방류 운영 검토 | 취수 수심·위치 조정 가능성 검토,물순환·방류·유입; 취수·위치,,
2024-10-14,문의,SX,모델 기반 위험,"관심 이상 확률 약 100%, 예측 세포수(대략) 10181 cells/mL",다음 주 관심 이상 가능성 상대적으로 큼,해당 지점 수질 모니터링 강화 | 취수장 사전 대응·활성탄 등 준비 | 방류량 조정 가능성 검토,모니터링·분석; 물순환·방류·유입; 약품·활성탄; 취수·위치,,
2024-10-21,문의,S2,집중호우·유입 증가,최근 4주 강수·유입 증가 추세,"단기 혼합으로 세포 수 변동 가능, 영양염 유입에 따른 지연 증가 위험",1~2주 후 재예측·채수 주기 단축 | 탁도·유해남조류 동시 추적,모니터링·분석; 물순환·방류·유입,,
2024-10-21,문의,S3,방류 감소·수온 높음,방류 감소 추세와 고수온,체류시간 증가로 조류 증식 가능성,수문·방류 운영 검토 | 취수 수심·위치 조정 가능성 검토,물순환·방류·유입; 취수·위치,,
2024-10-21,문의,SX,모델 기반 위험,"관심 이상 확률 약 98%, 예측 세포수(대략) 4497 cells/mL",다음 주 관심 이상 가능성 상대적으로 큼,해당 지점 수질 모니터링 강화 | 취수장 사전 대응·활성탄 등 준비 | 방류량 조정 가능성 검토,모니터링·분석; 물순환·방류·유입; 약품·활성탄; 취수·위치,,
2024-10-28,문의,SX,모델 기반 위험,"관심 이상 확률 약 54%, 예측 세포수(대략) 849 cells/mL",다음 주 관심 이상 가능성 상대적으로 큼,해당 지점 수질 모니터링 강화 | 취수장 사전 대응·활성탄 등 준비 | 방류량 조정 가능성 검토,모니터링·분석; 물순환·방류·유입; 약품·활성탄; 취수·위치,,
2024-11-04,문의,S3,방류 감소·수온 높음,방류 감소 추세와 고수온,체류시간 증가로 조류 증식 가능성,수문·방류 운영 검토 | 취수 수심·위치 조정 가능성 검토,물순환·방류·유입; 취수·위치,,
2024-11-11,문의,S3,방류 감소·수온 높음,방류 감소 추세와 고수온,체류시간 증가로 조류 증식 가능성,수문·방류 운영 검토 | 취수 수심·위치 조정 가능성 검토,물순환·방류·유입; 취수·위치,,
2024-11-11,문의,S4,Chl-a·pH 상승,클로로필-a 및 pH 상승 추세,"조류 생체량 증가 신호, 유해남조류 증가 가능성",조류 종 분석 강화 | 발령단계 전환 모니터링,모니터링·분석,,
2024-11-18,문의,S3,방류 감소·수온 높음,방류 감소 추세와 고수온,체류시간 증가로 조류 증식 가능성,수문·방류 운영 검토 | 취수 수심·위치 조정 가능성 검토,물순환·방류·유입; 취수·위치,,
2024-11-18,문의,S4,Chl-a·pH 상승,클로로필-a 및 pH 상승 추세,"조류 생체량 증가 신호, 유해남조류 증가 가능성",조류 종 분석 강화 | 발령단계 전환 모니터링,모니터링·분석,,
2024-11-25,문의,S0,특이 패턴 없음,주요 시나리오 조건 미충족,상시 모니터링 유지,정기 관측 유지,모니터링·분석,,
2024-12-02,문의,S0,특이 패턴 없음,주요 시나리오 조건 미충족,상시 모니터링 유지,정기 관측 유지,모니터링·분석,,
2024-12-09,문의,S0,특이 패턴 없음,주요 시나리오 조건 미충족,상시 모니터링 유지,정기 관측 유지,모니터링·분석,,
2024-12-16,문의,S0,특이 패턴 없음,주요 시나리오 조건 미충족,상시 모니터링 유지,정기 관측 유지,모니터링·분석,,
2024-12-23,문의,S0,특이 패턴 없음,주요 시나리오 조건 미충족,상시 모니터링 유지,정기 관측 유지,모니터링·분석,,
2024-12-30,문의,S0,특이 패턴 없음,주요 시나리오 조건 미충족,상시 모니터링 유지,정기 관측 유지,모니터링·분석,,
2025-01-06,문의,S0,특이 패턴 없음,주요 시나리오 조건 미충족,상시 모니터링 유지,정기 관측 유지,모니터링·분석,,
2025-01-13,문의,S0,특이 패턴 없음,주요 시나리오 조건 미충족,상시 모니터링 유지,정기 관측 유지,모니터링·분석,,
2025-02-03,문의,S0,특이 패턴 없음,주요 시나리오 조건 미충족,상시 모니터링 유지,정기 관측 유지,모니터링·분석,,
2025-02-10,문의,S0,특이 패턴 없음,주요 시나리오 조건 미충족,상시 모니터링 유지,정기 관측 유지,모니터링·분석,,
2025-02-17,문의,S0,특이 패턴 없음,주요 시나리오 조건 미충족,상시 모니터링 유지,정기 관측 유지,모니터링·분석,,
2025-02-24,문의,S0,특이 패턴 없음,주요 시나리오 조건 미충족,상시 모니터링 유지,정기 관측 유지,모니터링·분석,,
2025-03-03,문의,S4,Chl-a·pH 상승,클로로필-a 및 pH 상승 추세,"조류 생체량 증가 신호, 유해남조류 증가 가능성",조류 종 분석 강화 | 발령단계 전환 모니터링,모니터링·분석,,
2025-03-10,문의,S0,특이 패턴 없음,주요 시나리오 조건 미충족,상시 모니터링 유지,정기 관측 유지,모니터링·분석,,
2025-03-17,문의,S0,특이 패턴 없음,주요 시나리오 조건 미충족,상시 모니터링 유지,정기 관측 유지,모니터링·분석,,
2025-03-24,문의,S0,특이 패턴 없음,주요 시나리오 조건 미충족,상시 모니터링 유지,정기 관측 유지,모니터링·분석,,
2025-03-31,문의,S0,특이 패턴 없음,주요 시나리오 조건 미충족,상시 모니터링 유지,정기 관측 유지,모니터링·분석,,
2025-04-07,문의,S0,특이 패턴 없음,주요 시나리오 조건 미충족,상시 모니터링 유지,정기 관측 유지,모니터링·분석,,
2025-04-14,문의,S0,특이 패턴 없음,주요 시나리오 조건 미충족,상시 모니터링 유지,정기 관측 유지,모니터링·분석,,
2025-04-21,문의,S4,Chl-a·pH 상승,클로로필-a 및 pH 상승 추세,"조류 생체량 증가 신호, 유해남조류 증가 가능성",조류 종 분석 강화 | 발령단계 전환 모니터링,모니터링·분석,,
2025-04-28,문의,S4,Chl-a·pH 상승,클로로필-a 및 pH 상승 추세,"조류 생체량 증가 신호, 유해남조류 증가 가능성",조류 종 분석 강화 | 발령단계 전환 모니터링,모니터링·분석,,
2025-05-05,문의,S0,특이 패턴 없음,주요 시나리오 조건 미충족,상시 모니터링 유지,정기 관측 유지,모니터링·분석,,
2025-05-12,문의,S0,특이 패턴 없음,주요 시나리오 조건 미충족,상시 모니터링 유지,정기 관측 유지,모니터링·분석,,
2025-05-19,문의,S2,집중호우·유입 증가,최근 4주 강수·유입 증가 추세,"단기 혼합으로 세포 수 변동 가능, 영양염 유입에 따른 지연 증가 위험",1~2주 후 재예측·채수 주기 단축 | 탁도·유해남조류 동시 추적,모니터링·분석; 물순환·방류·유입,,
2025-05-26,문의,S4,Chl-a·pH 상승,클로로필-a 및 pH 상승 추세,"조류 생체량 증가 신호, 유해남조류 증가 가능성",조류 종 분석 강화 | 발령단계 전환 모니터링,모니터링·분석,,
2025-06-02,문의,S4,Chl-a·pH 상승,클로로필-a 및 pH 상승 추세,"조류 생체량 증가 신호, 유해남조류 증가 가능성",조류 종 분석 강화 | 발령단계 전환 모니터링,모니터링·분석,,
2025-06-09,문의,S4,Chl-a·pH 상승,클로로필-a 및 pH 상승 추세,"조류 생체량 증가 신호, 유해남조류 증가 가능성",조류 종 분석 강화 | 발령단계 전환 모니터링,모니터링·분석,,
2025-06-16,문의,S2,집중호우·유입 증가,최근 4주 강수·유입 증가 추세,"단기 혼합으로 세포 수 변동 가능, 영양염 유입에 따른 지연 증가 위험",1~2주 후 재예측·채수 주기 단축 | 탁도·유해남조류 동시 추적,모니터링·분석; 물순환·방류·유입,,
2025-06-16,문의,S4,Chl-a·pH 상승,클로로필-a 및 pH 상승 추세,"조류 생체량 증가 신호, 유해남조류 증가 가능성",조류 종 분석 강화 | 발령단계 전환 모니터링,모니터링·분석,,
2025-06-23,문의,S2,집중호우·유입 증가,최근 4주 강수·유입 증가 추세,"단기 혼합으로 세포 수 변동 가능, 영양염 유입에 따른 지연 증가 위험",1~2주 후 재예측·채수 주기 단축 | 탁도·유해남조류 동시 추적,모니터링·분석; 물순환·방류·유입,,
2025-06-23,문의,S4,Chl-a·pH 상승,클로로필-a 및 pH 상승 추세,"조류 생체량 증가 신호, 유해남조류 증가 가능성",조류 종 분석 강화 | 발령단계 전환 모니터링,모니터링·분석,,
2025-06-30,문의,S2,집중호우·유입 증가,최근 4주 강수·유입 증가 추세,"단기 혼합으로 세포 수 변동 가능, 영양염 유입에 따른 지연 증가 위험",1~2주 후 재예측·채수 주기 단축 | 탁도·유해남조류 동시 추적,모니터링·분석; 물순환·방류·유입,,
2025-07-07,문의,S1,폭염·고일조·방류 감소,"최근 4주 평균 수온 높음, 일조 증가 추세, 방류 감소 추세",정체·광합성 유리 → 남조류 증가 가능성,관심 단계 사전 대응 검토 | 현장 채수·종조성 모니터링 강화 | 취수장·정수 약품 투입 계획 점검,모니터링·분석; 물순환·방류·유입; 약품·활성탄; 취수·위치,,
2025-07-07,문의,S3,방류 감소·수온 높음,방류 감소 추세와 고수온,체류시간 증가로 조류 증식 가능성,수문·방류 운영 검토 | 취수 수심·위치 조정 가능성 검토,물순환·방류·유입; 취수·위치,,
2025-07-14,문의,S1,폭염·고일조·방류 감소,"최근 4주 평균 수온 높음, 일조 증가 추세, 방류 감소 추세",정체·광합성 유리 → 남조류 증가 가능성,관심 단계 사전 대응 검토 | 현장 채수·종조성 모니터링 강화 | 취수장·정수 약품 투입 계획 점검,모니터링·분석; 물순환·방류·유입; 약품·활성탄; 취수·위치,,
2025-07-14,문의,S3,방류 감소·수온 높음,방류 감소 추세와 고수온,체류시간 증가로 조류 증식 가능성,수문·방류 운영 검토 | 취수 수심·위치 조정 가능성 검토,물순환·방류·유입; 취수·위치,,
2025-07-21,문의,S2,집중호우·유입 증가,최근 4주 강수·유입 증가 추세,"단기 혼합으로 세포 수 변동 가능, 영양염 유입에 따른 지연 증가 위험",1~2주 후 재예측·채수 주기 단축 | 탁도·유해남조류 동시 추적,모니터링·분석; 물순환·방류·유입,,
2025-07-21,문의,S3,방류 감소·수온 높음,방류 감소 추세와 고수온,체류시간 증가로 조류 증식 가능성,수문·방류 운영 검토 | 취수 수심·위치 조정 가능성 검토,물순환·방류·유입; 취수·위치,,
2025-07-21,문의,SX,모델 기반 위험,"관심 이상 확률 약 98%, 예측 세포수(대략) 4965 cells/mL",다음 주 관심 이상 가능성 상대적으로 큼,해당 지점 수질 모니터링 강화 | 취수장 사전 대응·활성탄 등 준비 | 방류량 조정 가능성 검토,모니터링·분석; 물순환·방류·유입; 약품·활성탄; 취수·위치,,
2025-07-28,문의,SX,모델 기반 위험,"관심 이상 확률 약 100%, 예측 세포수(대략) 7227 cells/mL",다음 주 관심 이상 가능성 상대적으로 큼,해당 지점 수질 모니터링 강화 | 취수장 사전 대응·활성탄 등 준비 | 방류량 조정 가능성 검토,모니터링·분석; 물순환·방류·유입; 약품·활성탄; 취수·위치,,
2025-08-04,문의,S2,집중호우·유입 증가,최근 4주 강수·유입 증가 추세,"단기 혼합으로 세포 수 변동 가능, 영양염 유입에 따른 지연 증가 위험",1~2주 후 재예측·채수 주기 단축 | 탁도·유해남조류 동시 추적,모니터링·분석; 물순환·방류·유입,,
2025-08-04,문의,S4,Chl-a·pH 상승,클로로필-a 및 pH 상승 추세,"조류 생체량 증가 신호, 유해남조류 증가 가능성",조류 종 분석 강화 | 발령단계 전환 모니터링,모니터링·분석,,
2025-08-04,문의,SX,모델 기반 위험,"관심 이상 확률 약 100%, 예측 세포수(대략) 9309 cells/mL",다음 주 관심 이상 가능성 상대적으로 큼,해당 지점 수질 모니터링 강화 | 취수장 사전 대응·활성탄 등 준비 | 방류량 조정 가능성 검토,모니터링·분석; 물순환·방류·유입; 약품·활성탄; 취수·위치,,
2025-08-11,문의,S4,Chl-a·pH 상승,클로로필-a 및 pH 상승 추세,"조류 생체량 증가 신호, 유해남조류 증가 가능성",조류 종 분석 강화 | 발령단계 전환 모니터링,모니터링·분석,,
2025-08-11,문의,SX,모델 기반 위험,"관심 이상 확률 약 100%, 예측 세포수(대략) 27383 cells/mL",다음 주 관심 이상 가능성 상대적으로 큼,해당 지점 수질 모니터링 강화 | 취수장 사전 대응·활성탄 등 준비 | 방류량 조정 가능성 검토,모니터링·분석; 물순환·방류·유입; 약품·활성탄; 취수·위치,,
2025-08-18,문의,S2,집중호우·유입 증가,최근 4주 강수·유입 증가 추세,"단기 혼합으로 세포 수 변동 가능, 영양염 유입에 따른 지연 증가 위험",1~2주 후 재예측·채수 주기 단축 | 탁도·유해남조류 동시 추적,모니터링·분석; 물순환·방류·유입,,
2025-08-18,문의,S3,방류 감소·수온 높음,방류 감소 추세와 고수온,체류시간 증가로 조류 증식 가능성,수문·방류 운영 검토 | 취수 수심·위치 조정 가능성 검토,물순환·방류·유입; 취수·위치,,
2025-08-18,문의,S4,Chl-a·pH 상승,클로로필-a 및 pH 상승 추세,"조류 생체량 증가 신호, 유해남조류 증가 가능성",조류 종 분석 강화 | 발령단계 전환 모니터링,모니터링·분석,,
2025-08-18,문의,SX,모델 기반 위험,"관심 이상 확률 약 100%, 예측 세포수(대략) 10907 cells/mL",다음 주 관심 이상 가능성 상대적으로 큼,해당 지점 수질 모니터링 강화 | 취수장 사전 대응·활성탄 등 준비 | 방류량 조정 가능성 검토,모니터링·분석; 물순환·방류·유입; 약품·활성탄; 취수·위치,,
2025-08-25,문의,S3,방류 감소·수온 높음,방류 감소 추세와 고수온,체류시간 증가로 조류 증식 가능성,수문·방류 운영 검토 | 취수 수심·위치 조정 가능성 검토,물순환·방류·유입; 취수·위치,,
2025-08-25,문의,SX,모델 기반 위험,"관심 이상 확률 약 98%, 예측 세포수(대략) 18656 cells/mL",다음 주 관심 이상 가능성 상대적으로 큼,해당 지점 수질 모니터링 강화 | 취수장 사전 대응·활성탄 등 준비 | 방류량 조정 가능성 검토,모니터링·분석; 물순환·방류·유입; 약품·활성탄; 취수·위치,,
2025-09-01,문의,S1,폭염·고일조·방류 감소,"최근 4주 평균 수온 높음, 일조 증가 추세, 방류 감소 추세",정체·광합성 유리 → 남조류 증가 가능성,관심 단계 사전 대응 검토 | 현장 채수·종조성 모니터링 강화 | 취수장·정수 약품 투입 계획 점검,모니터링·분석; 물순환·방류·유입; 약품·활성탄; 취수·위치,,
2025-09-01,문의,S3,방류 감소·수온 높음,방류 감소 추세와 고수온,체류시간 증가로 조류 증식 가능성,수문·방류 운영 검토 | 취수 수심·위치 조정 가능성 검토,물순환·방류·유입; 취수·위치,,
2025-09-01,문의,SX,모델 기반 위험,"관심 이상 확률 약 100%, 예측 세포수(대략) 15075 cells/mL",다음 주 관심 이상 가능성 상대적으로 큼,해당 지점 수질 모니터링 강화 | 취수장 사전 대응·활성탄 등 준비 | 방류량 조정 가능성 검토,모니터링·분석; 물순환·방류·유입; 약품·활성탄; 취수·위치,,
2025-09-08,문의,S1,폭염·고일조·방류 감소,"최근 4주 평균 수온 높음, 일조 증가 추세, 방류 감소 추세",정체·광합성 유리 → 남조류 증가 가능성,관심 단계 사전 대응 검토 | 현장 채수·종조성 모니터링 강화 | 취수장·정수 약품 투입 계획 점검,모니터링·분석; 물순환·방류·유입; 약품·활성탄; 취수·위치,,
2025-09-08,문의,S3,방류 감소·수온 높음,방류 감소 추세와 고수온,체류시간 증가로 조류 증식 가능성,수문·방류 운영 검토 | 취수 수심·위치 조정 가능성 검토,물순환·방류·유입; 취수·위치,,
2025-09-08,문의,SX,모델 기반 위험,"관심 이상 확률 약 100%, 예측 세포수(대략) 6887 cells/mL",다음 주 관심 이상 가능성 상대적으로 큼,해당 지점 수질 모니터링 강화 | 취수장 사전 대응·활성탄 등 준비 | 방류량 조정 가능성 검토,모니터링·분석; 물순환·방류·유입; 약품·활성탄; 취수·위치,,
2025-09-15,문의,S2,집중호우·유입 증가,최근 4주 강수·유입 증가 추세,"단기 혼합으로 세포 수 변동 가능, 영양염 유입에 따른 지연 증가 위험",1~2주 후 재예측·채수 주기 단축 | 탁도·유해남조류 동시 추적,모니터링·분석; 물순환·방류·유입,,
2025-09-15,문의,S3,방류 감소·수온 높음,방류 감소 추세와 고수온,체류시간 증가로 조류 증식 가능성,수문·방류 운영 검토 | 취수 수심·위치 조정 가능성 검토,물순환·방류·유입; 취수·위치,,
2025-09-15,문의,SX,모델 기반 위험,"관심 이상 확률 약 100%, 예측 세포수(대략) 10631 cells/mL",다음 주 관심 이상 가능성 상대적으로 큼,해당 지점 수질 모니터링 강화 | 취수장 사전 대응·활성탄 등 준비 | 방류량 조정 가능성 검토,모니터링·분석; 물순환·방류·유입; 약품·활성탄; 취수·위치,,
2025-09-22,문의,S2,집중호우·유입 증가,최근 4주 강수·유입 증가 추세,"단기 혼합으로 세포 수 변동 가능, 영양염 유입에 따른 지연 증가 위험",1~2주 후 재예측·채수 주기 단축 | 탁도·유해남조류 동시 추적,모니터링·분석; 물순환·방류·유입,,
2025-09-22,문의,S3,방류 감소·수온 높음,방류 감소 추세와 고수온,체류시간 증가로 조류 증식 가능성,수문·방류 운영 검토 | 취수 수심·위치 조정 가능성 검토,물순환·방류·유입; 취수·위치,,
2025-09-22,문의,SX,모델 기반 위험,"관심 이상 확률 약 100%, 예측 세포수(대략) 11287 cells/mL",다음 주 관심 이상 가능성 상대적으로 큼,해당 지점 수질 모니터링 강화 | 취수장 사전 대응·활성탄 등 준비 | 방류량 조정 가능성 검토,모니터링·분석; 물순환·방류·유입; 약품·활성탄; 취수·위치,,
2025-09-29,문의,SX,모델 기반 위험,"관심 이상 확률 약 100%, 예측 세포수(대략) 9062 cells/mL",다음 주 관심 이상 가능성 상대적으로 큼,해당 지점 수질 모니터링 강화 | 취수장 사전 대응·활성탄 등 준비 | 방류량 조정 가능성 검토,모니터링·분석; 물순환·방류·유입; 약품·활성탄; 취수·위치,,
2025-10-06,문의,S1,폭염·고일조·방류 감소,"최근 4주 평균 수온 높음, 일조 증가 추세, 방류 감소 추세",정체·광합성 유리 → 남조류 증가 가능성,관심 단계 사전 대응 검토 | 현장 채수·종조성 모니터링 강화 | 취수장·정수 약품 투입 계획 점검,모니터링·분석; 물순환·방류·유입; 약품·활성탄; 취수·위치,,
2025-10-06,문의,S3,방류 감소·수온 높음,방류 감소 추세와 고수온,체류시간 증가로 조류 증식 가능성,수문·방류 운영 검토 | 취수 수심·위치 조정 가능성 검토,물순환·방류·유입; 취수·위치,,
2025-10-06,문의,SX,모델 기반 위험,"관심 이상 확률 약 98%, 예측 세포수(대략) 9561 cells/mL",다음 주 관심 이상 가능성 상대적으로 큼,해당 지점 수질 모니터링 강화 | 취수장 사전 대응·활성탄 등 준비 | 방류량 조정 가능성 검토,모니터링·분석; 물순환·방류·유입; 약품·활성탄; 취수·위치,,
2025-10-13,문의,S3,방류 감소·수온 높음,방류 감소 추세와 고수온,체류시간 증가로 조류 증식 가능성,수문·방류 운영 검토 | 취수 수심·위치 조정 가능성 검토,물순환·방류·유입; 취수·위치,,
2025-10-13,문의,SX,모델 기반 위험,"관심 이상 확률 약 98%, 예측 세포수(대략) 8977 cells/mL",다음 주 관심 이상 가능성 상대적으로 큼,해당 지점 수질 모니터링 강화 | 취수장 사전 대응·활성탄 등 준비 | 방류량 조정 가능성 검토,모니터링·분석; 물순환·방류·유입; 약품·활성탄; 취수·위치,,
2025-10-20,문의,S2,집중호우·유입 증가,최근 4주 강수·유입 증가 추세,"단기 혼합으로 세포 수 변동 가능, 영양염 유입에 따른 지연 증가 위험",1~2주 후 재예측·채수 주기 단축 | 탁도·유해남조류 동시 추적,모니터링·분석; 물순환·방류·유입,,
2025-10-20,문의,SX,모델 기반 위험,"관심 이상 확률 약 98%, 예측 세포수(대략) 11020 cells/mL",다음 주 관심 이상 가능성 상대적으로 큼,해당 지점 수질 모니터링 강화 | 취수장 사전 대응·활성탄 등 준비 | 방류량 조정 가능성 검토,모니터링·분석; 물순환·방류·유입; 약품·활성탄; 취수·위치,,
2025-10-27,문의,SX,모델 기반 위험,"관심 이상 확률 약 96%, 예측 세포수(대략) 6564 cells/mL",다음 주 관심 이상 가능성 상대적으로 큼,해당 지점 수질 모니터링 강화 | 취수장 사전 대응·활성탄 등 준비 | 방류량 조정 가능성 검토,모니터링·분석; 물순환·방류·유입; 약품·활성탄; 취수·위치,,
2025-11-03,문의,SX,모델 기반 위험,"관심 이상 확률 약 93%, 예측 세포수(대략) 3818 cells/mL",다음 주 관심 이상 가능성 상대적으로 큼,해당 지점 수질 모니터링 강화 | 취수장 사전 대응·활성탄 등 준비 | 방류량 조정 가능성 검토,모니터링·분석; 물순환·방류·유입; 약품·활성탄; 취수·위치,,
2025-11-10,문의,S3,방류 감소·수온 높음,방류 감소 추세와 고수온,체류시간 증가로 조류 증식 가능성,수문·방류 운영 검토 | 취수 수심·위치 조정 가능성 검토,물순환·방류·유입; 취수·위치,,
2025-11-10,문의,S4,Chl-a·pH 상승,클로로필-a 및 pH 상승 추세,"조류 생체량 증가 신호, 유해남조류 증가 가능성",조류 종 분석 강화 | 발령단계 전환 모니터링,모니터링·분석,,
2025-11-10,문의,SX,모델 기반 위험,"관심 이상 확률 약 92%, 예측 세포수(대략) 4270 cells/mL",다음 주 관심 이상 가능성 상대적으로 큼,해당 지점 수질 모니터링 강화 | 취수장 사전 대응·활성탄 등 준비 | 방류량 조정 가능성 검토,모니터링·분석; 물순환·방류·유입; 약품·활성탄; 취수·위치,,
2025-11-17,문의,S4,Chl-a·pH 상승,클로로필-a 및 pH 상승 추세,"조류 생체량 증가 신호, 유해남조류 증가 가능성",조류 종 분석 강화 | 발령단계 전환 모니터링,모니터링·분석,,
2025-11-17,문의,SX,모델 기반 위험,"관심 이상 확률 약 91%, 예측 세포수(대략) 3337 cells/mL",다음 주 관심 이상 가능성 상대적으로 큼,해당 지점 수질 모니터링 강화 | 취수장 사전 대응·활성탄 등 준비 | 방류량 조정 가능성 검토,모니터링·분석; 물순환·방류·유입; 약품·활성탄; 취수·위치,,
2025-11-24,문의,S0,특이 패턴 없음,주요 시나리오 조건 미충족,상시 모니터링 유지,정기 관측 유지,모니터링·분석,,
2025-12-01,문의,S0,특이 패턴 없음,주요 시나리오 조건 미충족,상시 모니터링 유지,정기 관측 유지,모니터링·분석,,
2025-12-08,문의,S0,특이 패턴 없음,주요 시나리오 조건 미충족,상시 모니터링 유지,정기 관측 유지,모니터링·분석,,
2025-12-15,문의,S0,특이 패턴 없음,주요 시나리오 조건 미충족,상시 모니터링 유지,정기 관측 유지,모니터링·분석,,
2025-12-22,문의,S0,특이 패턴 없음,주요 시나리오 조건 미충족,상시 모니터링 유지,정기 관측 유지,모니터링·분석,,
2024-07-01,추동,S3,방류 감소·수온 높음,방류 감소 추세와 고수온,체류시간 증가로 조류 증식 가능성,수문·방류 운영 검토 | 취수 수심·위치 조정 가능성 검토,물순환·방류·유입; 취수·위치,,
2024-07-01,추동,S4,Chl-a·pH 상승,클로로필-a 및 pH 상승 추세,"조류 생체량 증가 신호, 유해남조류 증가 가능성",조류 종 분석 강화 | 발령단계 전환 모니터링,모니터링·분석,,
2024-07-08,추동,S2,집중호우·유입 증가,최근 4주 강수·유입 증가 추세,"단기 혼합으로 세포 수 변동 가능, 영양염 유입에 따른 지연 증가 위험",1~2주 후 재예측·채수 주기 단축 | 탁도·유해남조류 동시 추적,모니터링·분석; 물순환·방류·유입,,
2024-07-08,추동,S3,방류 감소·수온 높음,방류 감소 추세와 고수온,체류시간 증가로 조류 증식 가능성,수문·방류 운영 검토 | 취수 수심·위치 조정 가능성 검토,물순환·방류·유입; 취수·위치,,
2024-07-15,추동,S2,집중호우·유입 증가,최근 4주 강수·유입 증가 추세,"단기 혼합으로 세포 수 변동 가능, 영양염 유입에 따른 지연 증가 위험",1~2주 후 재예측·채수 주기 단축 | 탁도·유해남조류 동시 추적,모니터링·분석; 물순환·방류·유입,,
2024-07-22,추동,S2,집중호우·유입 증가,최근 4주 강수·유입 증가 추세,"단기 혼합으로 세포 수 변동 가능, 영양염 유입에 따른 지연 증가 위험",1~2주 후 재예측·채수 주기 단축 | 탁도·유해남조류 동시 추적,모니터링·분석; 물순환·방류·유입,,
2024-07-22,추동,SX,모델 기반 위험,"관심 이상 확률 약 67%, 예측 세포수(대략) 912 cells/mL",다음 주 관심 이상 가능성 상대적으로 큼,해당 지점 수질 모니터링 강화 | 취수장 사전 대응·활성탄 등 준비 | 방류량 조정 가능성 검토,모니터링·분석; 물순환·방류·유입; 약품·활성탄; 취수·위치,,
2024-07-29,추동,SX,모델 기반 위험,"관심 이상 확률 약 98%, 예측 세포수(대략) 3990 cells/mL",다음 주 관심 이상 가능성 상대적으로 큼,해당 지점 수질 모니터링 강화 | 취수장 사전 대응·활성탄 등 준비 | 방류량 조정 가능성 검토,모니터링·분석; 물순환·방류·유입; 약품·활성탄; 취수·위치,,
2024-08-05,추동,S1,폭염·고일조·방류 감소,"최근 4주 평균 수온 높음, 일조 증가 추세, 방류 감소 추세",정체·광합성 유리 → 남조류 증가 가능성,관심 단계 사전 대응 검토 | 현장 채수·종조성 모니터링 강화 | 취수장·정수 약품 투입 계획 점검,모니터링·분석; 물순환·방류·유입; 약품·활성탄; 취수·위치,,
2024-08-05,추동,S3,방류 감소·수온 높음,방류 감소 추세와 고수온,체류시간 증가로 조류 증식 가능성,수문·방류 운영 검토 | 취수 수심·위치 조정 가능성 검토,물순환·방류·유입; 취수·위치,,
2024-08-05,추동,S4,Chl-a·pH 상승,클로로필-a 및 pH 상승 추세,"조류 생체량 증가 신호, 유해남조류 증가 가능성",조류 종 분석 강화 | 발령단계 전환 모니터링,모니터링·분석,,
2024-08-05,추동,SX,모델 기반 위험,"관심 이상 확률 약 100%, 예측 세포수(대략) 6496 cells/mL",다음 주 관심 이상 가능성 상대적으로 큼,해당 지점 수질 모니터링 강화 | 취수장 사전 대응·활성탄 등 준비 | 방류량 조정 가능성 검토,모니터링·분석; 물순환·방류·유입; 약품·활성탄; 취수·위치,,
2024-08-12,추동,S1,폭염·고일조·방류 감소,"최근 4주 평균 수온 높음, 일조 증가 추세, 방류 감소 추세",정체·광합성 유리 → 남조류 증가 가능성,관심 단계 사전 대응 검토 | 현장 채수·종조성 모니터링 강화 | 취수장·정수 약품 투입 계획 점검,모니터링·분석; 물순환·방류·유입; 약품·활성탄; 취수·위치,,
2024-08-12,추동,S3,방류 감소·수온 높음,방류 감소 추세와 고수온,체류시간 증가로 조류 증식 가능성,수문·방류 운영 검토 | 취수 수심·위치 조정 가능성 검토,물순환·방류·유입; 취수·위치,,
2024-08-12,추동,SX,모델 기반 위험,"관심 이상 확률 약 100%, 예측 세포수(대략) 12895 cells/mL",다음 주 관심 이상 가능성 상대적으로 큼,해당 지점 수질 모니터링 강화 | 취수장 사전 대응·활성탄 등 준비 | 방류량 조정 가능성 검토,모니터링·분석; 물순환·방류·유입; 약품·활성탄; 취수·위치,,
2024-08-19,추동,S1,폭염·고일조·방류 감소,"최근 4주 평균 수온 높음, 일조 증가 추세, 방류 감소 추세",정체·광합성 유리 → 남조류 증가 가능성,관심 단계 사전 대응 검토 | 현장 채수·종조성 모니터링 강화 | 취수장·정수 약품 투입 계획 점검,모니터링·분석; 물순환·방류·유입; 약품·활성탄; 취수·위치,,
2024-08-19,추동,S3,방류 감소·수온 높음,방류 감소 추세와 고수온,체류시간 증가로 조류 증식 가능성,수문·방류 운영 검토 | 취수 수심·위치 조정 가능성 검토,물순환·방류·유입; 취수·위치,,
2024-08-19,추동,SX,모델 기반 위험,"관심 이상 확률 약 100%, 예측 세포수(대략) 7803 cells/mL",다음 주 관심 이상 가능성 상대적으로 큼,해당 지점 수질 모니터링 강화 | 취수장 사전 대응·활성탄 등 준비 | 방류량 조정 가능성 검토,모니터링·분석; 물순환·방류·유입; 약품·활성탄; 취수·위치,,
2024-08-26,추동,S3,방류 감소·수온 높음,방류 감소 추세와 고수온,체류시간 증가로 조류 증식 가능성,수문·방류 운영 검토 | 취수 수심·위치 조정 가능성 검토,물순환·방류·유입; 취수·위치,,
2024-08-26,추동,SX,모델 기반 위험,"관심 이상 확률 약 100%, 예측 세포수(대략) 5183 cells/mL",다음 주 관심 이상 가능성 상대적으로 큼,해당 지점 수질 모니터링 강화 | 취수장 사전 대응·활성탄 등 준비 | 방류량 조정 가능성 검토,모니터링·분석; 물순환·방류·유입; 약품·활성탄; 취수·위치,,
2024-09-02,추동,S3,방류 감소·수온 높음,방류 감소 추세와 고수온,체류시간 증가로 조류 증식 가능성,수문·방류 운영 검토 | 취수 수심·위치 조정 가능성 검토,물순환·방류·유입; 취수·위치,,
2024-09-02,추동,SX,모델 기반 위험,"관심 이상 확률 약 100%, 예측 세포수(대략) 18890 cells/mL",다음 주 관심 이상 가능성 상대적으로 큼,해당 지점 수질 모니터링 강화 | 취수장 사전 대응·활성탄 등 준비 | 방류량 조정 가능성 검토,모니터링·분석; 물순환·방류·유입; 약품·활성탄; 취수·위치,,
2024-09-09,추동,S3,방류 감소·수온 높음,방류 감소 추세와 고수온,체류시간 증가로 조류 증식 가능성,수문·방류 운영 검토 | 취수 수심·위치 조정 가능성 검토,물순환·방류·유입; 취수·위치,,
2024-09-09,추동,SX,모델 기반 위험,"관심 이상 확률 약 100%, 예측 세포수(대략) 21401 cells/mL",다음 주 관심 이상 가능성 상대적으로 큼,해당 지점 수질 모니터링 강화 | 취수장 사전 대응·활성탄 등 준비 | 방류량 조정 가능성 검토,모니터링·분석; 물순환·방류·유입; 약품·활성탄; 취수·위치,,
2024-09-16,추동,S1,폭염·고일조·방류 감소,"최근 4주 평균 수온 높음, 일조 증가 추세, 방류 감소 추세",정체·광합성 유리 → 남조류 증가 가능성,관심 단계 사전 대응 검토 | 현장 채수·종조성 모니터링 강화 | 취수장·정수 약품 투입 계획 점검,모니터링·분석; 물순환·방류·유입; 약품·활성탄; 취수·위치,,
2024-09-16,추동,S3,방류 감소·수온 높음,방류 감소 추세와 고수온,체류시간 증가로 조류 증식 가능성,수문·방류 운영 검토 | 취수 수심·위치 조정 가능성 검토,물순환·방류·유입; 취수·위치,,
2024-09-16,추동,S4,Chl-a·pH 상승,클로로필-a 및 pH 상승 추세,"조류 생체량 증가 신호, 유해남조류 증가 가능성",조류 종 분석 강화 | 발령단계 전환 모니터링,모니터링·분석,,
2024-09-16,추동,SX,모델 기반 위험,"관심 이상 확률 약 100%, 예측 세포수(대략) 17476 cells/mL",다음 주 관심 이상 가능성 상대적으로 큼,해당 지점 수질 모니터링 강화 | 취수장 사전 대응·활성탄 등 준비 | 방류량 조정 가능성 검토,모니터링·분석; 물순환·방류·유입; 약품·활성탄; 취수·위치,,
2024-09-23,추동,S2,집중호우·유입 증가,최근 4주 강수·유입 증가 추세,"단기 혼합으로 세포 수 변동 가능, 영양염 유입에 따른 지연 증가 위험",1~2주 후 재예측·채수 주기 단축 | 탁도·유해남조류 동시 추적,모니터링·분석; 물순환·방류·유입,,
2024-09-23,추동,S3,방류 감소·수온 높음,방류 감소 추세와 고수온,체류시간 증가로 조류 증식 가능성,수문·방류 운영 검토 | 취수 수심·위치 조정 가능성 검토,물순환·방류·유입; 취수·위치,,
2024-09-23,추동,SX,모델 기반 위험,"관심 이상 확률 약 100%, 예측 세포수(대략) 49062 cells/mL",다음 주 관심 이상 가능성 상대적으로 큼,해당 지점 수질 모니터링 강화 | 취수장 사전 대응·활성탄 등 준비 | 방류량 조정 가능성 검토,모니터링·분석; 물순환·방류·유입; 약품·활성탄; 취수·위치,,
2024-09-30,추동,S1,폭염·고일조·방류 감소,"최근 4주 평균 수온 높음, 일조 증가 추세, 방류 감소 추세",정체·광합성 유리 → 남조류 증가 가능성,관심 단계 사전 대응 검토 | 현장 채수·종조성 모니터링 강화 | 취수장·정수 약품 투입 계획 점검,모니터링·분석; 물순환·방류·유입; 약품·활성탄; 취수·위치,,
2024-09-30,추동,S3,방류 감소·수온 높음,방류 감소 추세와 고수온,체류시간 증가로 조류 증식 가능성,수문·방류 운영 검토 | 취수 수심·위치 조정 가능성 검토,물순환·방류·유입; 취수·위치,,
2024-09-30,추동,SX,모델 기반 위험,"관심 이상 확률 약 100%, 예측 세포수(대략) 23565 cells/mL",다음 주 관심 이상 가능성 상대적으로 큼,해당 지점 수질 모니터링 강화 | 취수장 사전 대응·활성탄 등 준비 | 방류량 조정 가능성 검토,모니터링·분석; 물순환·방류·유입; 약품·활성탄; 취수·위치,,
2024-10-07,추동,S3,방류 감소·수온 높음,방류 감소 추세와 고수온,체류시간 증가로 조류 증식 가능성,수문·방류 운영 검토 | 취수 수심·위치 조정 가능성 검토,물순환·방류·유입; 취수·위치,,
2024-10-07,추동,SX,모델 기반 위험,"관심 이상 확률 약 100%, 예측 세포수(대략) 12494 cells/mL",다음 주 관심 이상 가능성 상대적으로 큼,해당 지점 수질 모니터링 강화 | 취수장 사전 대응·활성탄 등 준비 | 방류량 조정 가능성 검토,모니터링·분석; 물순환·방류·유입; 약품·활성탄; 취수·위치,,
2024-10-14,추동,S1,폭염·고일조·방류 감소,"최근 4주 평균 수온 높음, 일조 증가 추세, 방류 감소 추세",정체·광합성 유리 → 남조류 증가 가능성,관심 단계 사전 대응 검토 | 현장 채수·종조성 모니터링 강화 | 취수장·정수 약품 투입 계획 점검,모니터링·분석; 물순환·방류·유입; 약품·활성탄; 취수·위치,,
2024-10-14,추동,S3,방류 감소·수온 높음,방류 감소 추세와 고수온,체류시간 증가로 조류 증식 가능성,수문·방류 운영 검토 | 취수 수심·위치 조정 가능성 검토,물순환·방류·유입; 취수·위치,,
2024-10-14,추동,SX,모델 기반 위험,"관심 이상 확률 약 100%, 예측 세포수(대략) 9305 cells/mL",다음 주 관심 이상 가능성 상대적으로 큼,해당 지점 수질 모니터링 강화 | 취수장 사전 대응·활성탄 등 준비 | 방류량 조정 가능성 검토,모니터링·분석; 물순환·방류·유입; 약품·활성탄; 취수·위치,,
2024-10-21,추동,S2,집중호우·유입 증가,최근 4주 강수·유입 증가 추세,"단기 혼합으로 세포 수 변동 가능, 영양염 유입에 따른 지연 증가 위험",1~2주 후 재예측·채수 주기 단축 | 탁도·유해남조류 동시 추적,모니터링·분석; 물순환·방류·유입,,
2024-10-21,추동,S3,방류 감소·수온 높음,방류 감소 추세와 고수온,체류시간 증가로 조류 증식 가능성,수문·방류 운영 검토 | 취수 수심·위치 조정 가능성 검토,물순환·방류·유입; 취수·위치,,
2024-10-21,추동,SX,모델 기반 위험,"관심 이상 확률 약 98%, 예측 세포수(대략) 5299 cells/mL",다음 주 관심 이상 가능성 상대적으로 큼,해당 지점 수질 모니터링 강화 | 취수장 사전 대응·활성탄 등 준비 | 방류량 조정 가능성 검토,모니터링·분석; 물순환·방류·유입; 약품·활성탄; 취수·위치,,
2024-10-28,추동,SX,모델 기반 위험,"관심 이상 확률 약 84%, 예측 세포수(대략) 1021 cells/mL",다음 주 관심 이상 가능성 상대적으로 큼,해당 지점 수질 모니터링 강화 | 취수장 사전 대응·활성탄 등 준비 | 방류량 조정 가능성 검토,모니터링·분석; 물순환·방류·유입; 약품·활성탄; 취수·위치,,
2024-11-04,추동,S3,방류 감소·수온 높음,방류 감소 추세와 고수온,체류시간 증가로 조류 증식 가능성,수문·방류 운영 검토 | 취수 수심·위치 조정 가능성 검토,물순환·방류·유입; 취수·위치,,
2024-11-11,추동,S3,방류 감소·수온 높음,방류 감소 추세와 고수온,체류시간 증가로 조류 증식 가능성,수문·방류 운영 검토 | 취수 수심·위치 조정 가능성 검토,물순환·방류·유입; 취수·위치,,
2024-11-18,추동,S3,방류 감소·수온 높음,방류 감소 추세와 고수온,체류시간 증가로 조류 증식 가능성,수문·방류 운영 검토 | 취수 수심·위치 조정 가능성 검토,물순환·방류·유입; 취수·위치,,
2024-11-25,추동,S0,특이 패턴 없음,주요 시나리오 조건 미충족,상시 모니터링 유지,정기 관측 유지,모니터링·분석,,
2024-12-02,추동,S0,특이 패턴 없음,주요 시나리오 조건 미충족,상시 모니터링 유지,정기 관측 유지,모니터링·분석,,
2024-12-09,추동,S0,특이 패턴 없음,주요 시나리오 조건 미충족,상시 모니터링 유지,정기 관측 유지,모니터링·분석,,
2024-12-16,추동,S0,특이 패턴 없음,주요 시나리오 조건 미충족,상시 모니터링 유지,정기 관측 유지,모니터링·분석,,
2024-12-23,추동,S0,특이 패턴 없음,주요 시나리오 조건 미충족,상시 모니터링 유지,정기 관측 유지,모니터링·분석,,
2024-12-30,추동,S0,특이 패턴 없음,주요 시나리오 조건 미충족,상시 모니터링 유지,정기 관측 유지,모니터링·분석,,
2025-01-06,추동,S0,특이 패턴 없음,주요 시나리오 조건 미충족,상시 모니터링 유지,정기 관측 유지,모니터링·분석,,
2025-01-13,추동,S0,특이 패턴 없음,주요 시나리오 조건 미충족,상시 모니터링 유지,정기 관측 유지,모니터링·분석,,
2025-02-03,추동,S0,특이 패턴 없음,주요 시나리오 조건 미충족,상시 모니터링 유지,정기 관측 유지,모니터링·분석,,
2025-02-10,추동,S4,Chl-a·pH 상승,클로로필-a 및 pH 상승 추세,"조류 생체량 증가 신호, 유해남조류 증가 가능성",조류 종 분석 강화 | 발령단계 전환 모니터링,모니터링·분석,,
2025-02-17,추동,S4,Chl-a·pH 상승,클로로필-a 및 pH 상승 추세,"조류 생체량 증가 신호, 유해남조류 증가 가능성",조류 종 분석 강화 | 발령단계 전환 모니터링,모니터링·분석,,
2025-02-24,추동,S0,특이 패턴 없음,주요 시나리오 조건 미충족,상시 모니터링 유지,정기 관측 유지,모니터링·분석,,
2025-03-03,추동,S4,Chl-a·pH 상승,클로로필-a 및 pH 상승 추세,"조류 생체량 증가 신호, 유해남조류 증가 가능성",조류 종 분석 강화 | 발령단계 전환 모니터링,모니터링·분석,,
2025-03-10,추동,S4,Chl-a·pH 상승,클로로필-a 및 pH 상승 추세,"조류 생체량 증가 신호, 유해남조류 증가 가능성",조류 종 분석 강화 | 발령단계 전환 모니터링,모니터링·분석,,
2025-03-17,추동,S0,특이 패턴 없음,주요 시나리오 조건 미충족,상시 모니터링 유지,정기 관측 유지,모니터링·분석,,
2025-03-24,추동,S0,특이 패턴 없음,주요 시나리오 조건 미충족,상시 모니터링 유지,정기 관측 유지,모니터링·분석,,
2025-03-31,추동,S0,특이 패턴 없음,주요 시나리오 조건 미충족,상시 모니터링 유지,정기 관측 유지,모니터링·분석,,
2025-04-07,추동,S0,특이 패턴 없음,주요 시나리오 조건 미충족,상시 모니터링 유지,정기 관측 유지,모니터링·분석,,
2025-04-14,추동,S4,Chl-a·pH 상승,클로로필-a 및 pH 상승 추세,"조류 생체량 증가 신호, 유해남조류 증가 가능성",조류 종 분석 강화 | 발령단계 전환 모니터링,모니터링·분석,,
2025-04-21,추동,S4,Chl-a·pH 상승,클로로필-a 및 pH 상승 추세,"조류 생체량 증가 신호, 유해남조류 증가 가능성",조류 종 분석 강화 | 발령단계 전환 모니터링,모니터링·분석,,
2025-04-28,추동,S0,특이 패턴 없음,주요 시나리오 조건 미충족,상시 모니터링 유지,정기 관측 유지,모니터링·분석,,
2025-05-05,추동,S0,특이 패턴 없음,주요 시나리오 조건 미충족,상시 모니터링 유지,정기 관측 유지,모니터링·분석,,
2025-05-12,추동,S0,특이 패턴 없음,주요 시나리오 조건 미충족,상시 모니터링 유지,정기 관측 유지,모니터링·분석,,
2025-05-19,추동,S2,집중호우·유입 증가,최근 4주 강수·유입 증가 추세,"단기 혼합으로 세포 수 변동 가능, 영양염 유입에 따른 지연 증가 위험",1~2주 후 재예측·채수 주기 단축 | 탁도·유해남조류 동시 추적,모니터링·분석; 물순환·방류·유입,,
2025-05-19,추동,S4,Chl-a·pH 상승,클로로필-a 및 pH 상승 추세,"조류 생체량 증가 신호, 유해남조류 증가 가능성",조류 종 분석 강화 | 발령단계 전환 모니터링,모니터링·분석,,
2025-05-26,추동,S4,Chl-a·pH 상승,클로로필-a 및 pH 상승 추세,"조류 생체량 증가 신호, 유해남조류 증가 가능성",조류 종 분석 강화 | 발령단계 전환 모니터링,모니터링·분석,,
2025-06-02,추동,S4,Chl-a·pH 상승,클로로필-a 및 pH 상승 추세,"조류 생체량 증가 신호, 유해남조류 증가 가능성",조류 종 분석 강화 | 발령단계 전환 모니터링,모니터링·분석,,
2025-06-09,추동,S4,Chl-a·pH 상승,클로로필-a 및 pH 상승 추세,"조류 생체량 증가 신호, 유해남조류 증가 가능성",조류 종 분석 강화 | 발령단계 전환 모니터링,모니터링·분석,,
2025-06-16,추동,S2,집중호우·유입 증가,최근 4주 강수·유입 증가 추세,"단기 혼합으로 세포 수 변동 가능, 영양염 유입에 따른 지연 증가 위험",1~2주 후 재예측·채수 주기 단축 | 탁도·유해남조류 동시 추적,모니터링·분석; 물순환·방류·유입,,
2025-06-16,추동,S4,Chl-a·pH 상승,클로로필-a 및 pH 상승 추세,"조류 생체량 증가 신호, 유해남조류 증가 가능성",조류 종 분석 강화 | 발령단계 전환 모니터링,모니터링·분석,,
2025-06-23,추동,S2,집중호우·유입 증가,최근 4주 강수·유입 증가 추세,"단기 혼합으로 세포 수 변동 가능, 영양염 유입에 따른 지연 증가 위험",1~2주 후 재예측·채수 주기 단축 | 탁도·유해남조류 동시 추적,모니터링·분석; 물순환·방류·유입,,
2025-06-23,추동,S4,Chl-a·pH 상승,클로로필-a 및 pH 상승 추세,"조류 생체량 증가 신호, 유해남조류 증가 가능성",조류 종 분석 강화 | 발령단계 전환 모니터링,모니터링·분석,,
2025-06-30,추동,S2,집중호우·유입 증가,최근 4주 강수·유입 증가 추세,"단기 혼합으로 세포 수 변동 가능, 영양염 유입에 따른 지연 증가 위험",1~2주 후 재예측·채수 주기 단축 | 탁도·유해남조류 동시 추적,모니터링·분석; 물순환·방류·유입,,
2025-07-07,추동,S1,폭염·고일조·방류 감소,"최근 4주 평균 수온 높음, 일조 증가 추세, 방류 감소 추세",정체·광합성 유리 → 남조류 증가 가능성,관심 단계 사전 대응 검토 | 현장 채수·종조성 모니터링 강화 | 취수장·정수 약품 투입 계획 점검,모니터링·분석; 물순환·방류·유입; 약품·활성탄; 취수·위치,,
2025-07-07,추동,S3,방류 감소·수온 높음,방류 감소 추세와 고수온,체류시간 증가로 조류 증식 가능성,수문·방류 운영 검토 | 취수 수심·위치 조정 가능성 검토,물순환·방류·유입; 취수·위치,,
2025-07-14,추동,S1,폭염·고일조·방류 감소,"최근 4주 평균 수온 높음, 일조 증가 추세, 방류 감소 추세",정체·광합성 유리 → 남조류 증가 가능성,관심 단계 사전 대응 검토 | 현장 채수·종조성 모니터링 강화 | 취수장·정수 약품 투입 계획 점검,모니터링·분석; 물순환·방류·유입; 약품·활성탄; 취수·위치,,
2025-07-14,추동,S3,방류 감소·수온 높음,방류 감소 추세와 고수온,체류시간 증가로 조류 증식 가능성,수문·방류 운영 검토 | 취수 수심·위치 조정 가능성 검토,물순환·방류·유입; 취수·위치,,
2025-07-14,추동,SX,모델 기반 위험,"관심 이상 확률 약 68%, 예측 세포수(대략) 1950 cells/mL",다음 주 관심 이상 가능성 상대적으로 큼,해당 지점 수질 모니터링 강화 | 취수장 사전 대응·활성탄 등 준비 | 방류량 조정 가능성 검토,모니터링·분석; 물순환·방류·유입; 약품·활성탄; 취수·위치,,
2025-07-21,추동,S2,집중호우·유입 증가,최근 4주 강수·유입 증가 추세,"단기 혼합으로 세포 수 변동 가능, 영양염 유입에 따른 지연 증가 위험",1~2주 후 재예측·채수 주기 단축 | 탁도·유해남조류 동시 추적,모니터링·분석; 물순환·방류·유입,,
2025-07-21,추동,S3,방류 감소·수온 높음,방류 감소 추세와 고수온,체류시간 증가로 조류 증식 가능성,수문·방류 운영 검토 | 취수 수심·위치 조정 가능성 검토,물순환·방류·유입; 취수·위치,,
2025-07-21,추동,SX,모델 기반 위험,"관심 이상 확률 약 59%, 예측 세포수(대략) 3542 cells/mL",다음 주 관심 이상 가능성 상대적으로 큼,해당 지점 수질 모니터링 강화 | 취수장 사전 대응·활성탄 등 준비 | 방류량 조정 가능성 검토,모니터링·분석; 물순환·방류·유입; 약품·활성탄; 취수·위치,,
2025-07-28,추동,SX,모델 기반 위험,"관심 이상 확률 약 74%, 예측 세포수(대략) 3842 cells/mL",다음 주 관심 이상 가능성 상대적으로 큼,해당 지점 수질 모니터링 강화 | 취수장 사전 대응·활성탄 등 준비 | 방류량 조정 가능성 검토,모니터링·분석; 물순환·방류·유입; 약품·활성탄; 취수·위치,,
2025-08-04,추동,S2,집중호우·유입 증가,최근 4주 강수·유입 증가 추세,"단기 혼합으로 세포 수 변동 가능, 영양염 유입에 따른 지연 증가 위험",1~2주 후 재예측·채수 주기 단축 | 탁도·유해남조류 동시 추적,모니터링·분석; 물순환·방류·유입,,
2025-08-04,추동,SX,모델 기반 위험,"관심 이상 확률 약 68%, 예측 세포수(대략) 3629 cells/mL",다음 주 관심 이상 가능성 상대적으로 큼,해당 지점 수질 모니터링 강화 | 취수장 사전 대응·활성탄 등 준비 | 방류량 조정 가능성 검토,모니터링·분석; 물순환·방류·유입; 약품·활성탄; 취수·위치,,
2025-08-11,추동,S4,Chl-a·pH 상승,클로로필-a 및 pH 상승 추세,"조류 생체량 증가 신호, 유해남조류 증가 가능성",조류 종 분석 강화 | 발령단계 전환 모니터링,모니터링·분석,,
2025-08-11,추동,SX,모델 기반 위험,"관심 이상 확률 약 98%, 예측 세포수(대략) 8484 cells/mL",다음 주 관심 이상 가능성 상대적으로 큼,해당 지점 수질 모니터링 강화 | 취수장 사전 대응·활성탄 등 준비 | 방류량 조정 가능성 검토,모니터링·분석; 물순환·방류·유입; 약품·활성탄; 취수·위치,,
2025-08-18,추동,S2,집중호우·유입 증가,최근 4주 강수·유입 증가 추세,"단기 혼합으로 세포 수 변동 가능, 영양염 유입에 따른 지연 증가 위험",1~2주 후 재예측·채수 주기 단축 | 탁도·유해남조류 동시 추적,모니터링·분석; 물순환·방류·유입,,
2025-08-18,추동,S3,방류 감소·수온 높음,방류 감소 추세와 고수온,체류시간 증가로 조류 증식 가능성,수문·방류 운영 검토 | 취수 수심·위치 조정 가능성 검토,물순환·방류·유입; 취수·위치,,
2025-08-18,추동,S4,Chl-a·pH 상승,클로로필-a 및 pH 상승 추세,"조류 생체량 증가 신호, 유해남조류 증가 가능성",조류 종 분석 강화 | 발령단계 전환 모니터링,모니터링·분석,,
2025-08-18,추동,SX,모델 기반 위험,"관심 이상 확률 약 98%, 예측 세포수(대략) 6038 cells/mL",다음 주 관심 이상 가능성 상대적으로 큼,해당 지점 수질 모니터링 강화 | 취수장 사전 대응·활성탄 등 준비 | 방류량 조정 가능성 검토,모니터링·분석; 물순환·방류·유입; 약품·활성탄; 취수·위치,,
2025-08-25,추동,S3,방류 감소·수온 높음,방류 감소 추세와 고수온,체류시간 증가로 조류 증식 가능성,수문·방류 운영 검토 | 취수 수심·위치 조정 가능성 검토,물순환·방류·유입; 취수·위치,,
2025-08-25,추동,S4,Chl-a·pH 상승,클로로필-a 및 pH 상승 추세,"조류 생체량 증가 신호, 유해남조류 증가 가능성",조류 종 분석 강화 | 발령단계 전환 모니터링,모니터링·분석,,
2025-08-25,추동,SX,모델 기반 위험,"관심 이상 확률 약 100%, 예측 세포수(대략) 8254 cells/mL",다음 주 관심 이상 가능성 상대적으로 큼,해당 지점 수질 모니터링 강화 | 취수장 사전 대응·활성탄 등 준비 | 방류량 조정 가능성 검토,모니터링·분석; 물순환·방류·유입; 약품·활성탄; 취수·위치,,
2025-09-01,추동,S1,폭염·고일조·방류 감소,"최근 4주 평균 수온 높음, 일조 증가 추세, 방류 감소 추세",정체·광합성 유리 → 남조류 증가 가능성,관심 단계 사전 대응 검토 | 현장 채수·종조성 모니터링 강화 | 취수장·정수 약품 투입 계획 점검,모니터링·분석; 물순환·방류·유입; 약품·활성탄; 취수·위치,,
2025-09-01,추동,S3,방류 감소·수온 높음,방류 감소 추세와 고수온,체류시간 증가로 조류 증식 가능성,수문·방류 운영 검토 | 취수 수심·위치 조정 가능성 검토,물순환·방류·유입; 취수·위치,,
2025-09-01,추동,SX,모델 기반 위험,"관심 이상 확률 약 98%, 예측 세포수(대략) 5331 cells/mL",다음 주 관심 이상 가능성 상대적으로 큼,해당 지점 수질 모니터링 강화 | 취수장 사전 대응·활성탄 등 준비 | 방류량 조정 가능성 검토,모니터링·분석; 물순환·방류·유입; 약품·활성탄; 취수·위치,,
2025-09-08,추동,S1,폭염·고일조·방류 감소,"최근 4주 평균 수온 높음, 일조 증가 추세, 방류 감소 추세",정체·광합성 유리 → 남조류 증가 가능성,관심 단계 사전 대응 검토 | 현장 채수·종조성 모니터링 강화 | 취수장·정수 약품 투입 계획 점검,모니터링·분석; 물순환·방류·유입; 약품·활성탄; 취수·위치,,
2025-09-08,추동,S3,방류 감소·수온 높음,방류 감소 추세와 고수온,체류시간 증가로 조류 증식 가능성,수문·방류 운영 검토 | 취수 수심·위치 조정 가능성 검토,물순환·방류·유입; 취수·위치,,
2025-09-08,추동,SX,모델 기반 위험,"관심 이상 확률 약 98%, 예측 세포수(대략) 8145 cells/mL",다음 주 관심 이상 가능성 상대적으로 큼,해당 지점 수질 모니터링 강화 | 취수장 사전 대응·활성탄 등 준비 | 방류량 조정 가능성 검토,모니터링·분석; 물순환·방류·유입; 약품·활성탄; 취수·위치,,
2025-09-15,추동,S2,집중호우·유입 증가,최근 4주 강수·유입 증가 추세,"단기 혼합으로 세포 수 변동 가능, 영양염 유입에 따른 지연 증가 위험",1~2주 후 재예측·채수 주기 단축 | 탁도·유해남조류 동시 추적,모니터링·분석; 물순환·방류·유입,,
2025-09-15,추동,S3,방류 감소·수온 높음,방류 감소 추세와 고수온,체류시간 증가로 조류 증식 가능성,수문·방류 운영 검토 | 취수 수심·위치 조정 가능성 검토,물순환·방류·유입; 취수·위치,,
2025-09-15,추동,SX,모델 기반 위험,"관심 이상 확률 약 98%, 예측 세포수(대략) 27150 cells/mL",다음 주 관심 이상 가능성 상대적으로 큼,해당 지점 수질 모니터링 강화 | 취수장 사전 대응·활성탄 등 준비 | 방류량 조정 가능성 검토,모니터링·분석; 물순환·방류·유입; 약품·활성탄; 취수·위치,,
2025-09-22,추동,S2,집중호우·유입 증가,최근 4주 강수·유입 증가 추세,"단기 혼합으로 세포 수 변동 가능, 영양염 유입에 따른 지연 증가 위험",1~2주 후 재예측·채수 주기 단축 | 탁도·유해남조류 동시 추적,모니터링·분석; 물순환·방류·유입,,
2025-09-22,추동,S3,방류 감소·수온 높음,방류 감소 추세와 고수온,체류시간 증가로 조류 증식 가능성,수문·방류 운영 검토 | 취수 수심·위치 조정 가능성 검토,물순환·방류·유입; 취수·위치,,
2025-09-22,추동,S4,Chl-a·pH 상승,클로로필-a 및 pH 상승 추세,"조류 생체량 증가 신호, 유해남조류 증가 가능성",조류 종 분석 강화 | 발령단계 전환 모니터링,모니터링·분석,,
2025-09-22,추동,SX,모델 기반 위험,"관심 이상 확률 약 100%, 예측 세포수(대략) 30020 cells/mL",다음 주 관심 이상 가능성 상대적으로 큼,해당 지점 수질 모니터링 강화 | 취수장 사전 대응·활성탄 등 준비 | 방류량 조정 가능성 검토,모니터링·분석; 물순환·방류·유입; 약품·활성탄; 취수·위치,,
2025-09-29,추동,SX,모델 기반 위험,"관심 이상 확률 약 98%, 예측 세포수(대략) 30405 cells/mL",다음 주 관심 이상 가능성 상대적으로 큼,해당 지점 수질 모니터링 강화 | 취수장 사전 대응·활성탄 등 준비 | 방류량 조정 가능성 검토,모니터링·분석; 물순환·방류·유입; 약품·활성탄; 취수·위치,,
2025-10-06,추동,S1,폭염·고일조·방류 감소,"최근 4주 평균 수온 높음, 일조 증가 추세, 방류 감소 추세",정체·광합성 유리 → 남조류 증가 가능성,관심 단계 사전 대응 검토 | 현장 채수·종조성 모니터링 강화 | 취수장·정수 약품 투입 계획 점검,모니터링·분석; 물순환·방류·유입; 약품·활성탄; 취수·위치,,
2025-10-06,추동,S3,방류 감소·수온 높음,방류 감소 추세와 고수온,체류시간 증가로 조류 증식 가능성,수문·방류 운영 검토 | 취수 수심·위치 조정 가능성 검토,물순환·방류·유입; 취수·위치,,
2025-10-06,추동,SX,모델 기반 위험,"관심 이상 확률 약 98%, 예측 세포수(대략) 20403 cells/mL",다음 주 관심 이상 가능성 상대적으로 큼,해당 지점 수질 모니터링 강화 | 취수장 사전 대응·활성탄 등 준비 | 방류량 조정 가능성 검토,모니터링·분석; 물순환·방류·유입; 약품·활성탄; 취수·위치,,
2025-10-13,추동,S3,방류 감소·수온 높음,방류 감소 추세와 고수온,체류시간 증가로 조류 증식 가능성,수문·방류 운영 검토 | 취수 수심·위치 조정 가능성 검토,물순환·방류·유입; 취수·위치,,
2025-10-13,추동,SX,모델 기반 위험,"관심 이상 확률 약 98%, 예측 세포수(대략) 14876 cells/mL",다음 주 관심 이상 가능성 상대적으로 큼,해당 지점 수질 모니터링 강화 | 취수장 사전 대응·활성탄 등 준비 | 방류량 조정 가능성 검토,모니터링·분석; 물순환·방류·유입; 약품·활성탄; 취수·위치,,
2025-10-20,추동,S2,집중호우·유입 증가,최근 4주 강수·유입 증가 추세,"단기 혼합으로 세포 수 변동 가능, 영양염 유입에 따른 지연 증가 위험",1~2주 후 재예측·채수 주기 단축 | 탁도·유해남조류 동시 추적,모니터링·분석; 물순환·방류·유입,,
2025-10-20,추동,SX,모델 기반 위험,"관심 이상 확률 약 98%, 예측 세포수(대략) 14242 cells/mL",다음 주 관심 이상 가능성 상대적으로 큼,해당 지점 수질 모니터링 강화 | 취수장 사전 대응·활성탄 등 준비 | 방류량 조정 가능성 검토,모니터링·분석; 물순환·방류·유입; 약품·활성탄; 취수·위치,,
2025-10-27,추동,SX,모델 기반 위험,"관심 이상 확률 약 98%, 예측 세포수(대략) 7063 cells/mL",다음 주 관심 이상 가능성 상대적으로 큼,해당 지점 수질 모니터링 강화 | 취수장 사전 대응·활성탄 등 준비 | 방류량 조정 가능성 검토,모니터링·분석; 물순환·방류·유입; 약품·활성탄; 취수·위치,,
2025-11-03,추동,SX,모델 기반 위험,"관심 이상 확률 약 94%, 예측 세포수(대략) 8460 cells/mL",다음 주 관심 이상 가능성 상대적으로 큼,해당 지점 수질 모니터링 강화 | 취수장 사전 대응·활성탄 등 준비 | 방류량 조정 가능성 검토,모니터링·분석; 물순환·방류·유입; 약품·활성탄; 취수·위치,,
2025-11-10,추동,S3,방류 감소·수온 높음,방류 감소 추세와 고수온,체류시간 증가로 조류 증식 가능성,수문·방류 운영 검토 | 취수 수심·위치 조정 가능성 검토,물순환·방류·유입; 취수·위치,,
2025-11-10,추동,SX,모델 기반 위험,"관심 이상 확률 약 98%, 예측 세포수(대략) 7523 cells/mL",다음 주 관심 이상 가능성 상대적으로 큼,해당 지점 수질 모니터링 강화 | 취수장 사전 대응·활성탄 등 준비 | 방류량 조정 가능성 검토,모니터링·분석; 물순환·방류·유입; 약품·활성탄; 취수·위치,,
2025-11-17,추동,SX,모델 기반 위험,"관심 이상 확률 약 91%, 예측 세포수(대략) 8474 cells/mL",다음 주 관심 이상 가능성 상대적으로 큼,해당 지점 수질 모니터링 강화 | 취수장 사전 대응·활성탄 등 준비 | 방류량 조정 가능성 검토,모니터링·분석; 물순환·방류·유입; 약품·활성탄; 취수·위치,,
2025-11-24,추동,SX,모델 기반 위험,"관심 이상 확률 약 91%, 예측 세포수(대략) 8223 cells/mL",다음 주 관심 이상 가능성 상대적으로 큼,해당 지점 수질 모니터링 강화 | 취수장 사전 대응·활성탄 등 준비 | 방류량 조정 가능성 검토,모니터링·분석; 물순환·방류·유입; 약품·활성탄; 취수·위치,,
2025-12-01,추동,SX,모델 기반 위험,"관심 이상 확률 약 91%, 예측 세포수(대략) 3014 cells/mL",다음 주 관심 이상 가능성 상대적으로 큼,해당 지점 수질 모니터링 강화 | 취수장 사전 대응·활성탄 등 준비 | 방류량 조정 가능성 검토,모니터링·분석; 물순환·방류·유입; 약품·활성탄; 취수·위치,,
2025-12-08,추동,S0,특이 패턴 없음,주요 시나리오 조건 미충족,상시 모니터링 유지,정기 관측 유지,모니터링·분석,,
2025-12-15,추동,S0,특이 패턴 없음,주요 시나리오 조건 미충족,상시 모니터링 유지,정기 관측 유지,모니터링·분석,,
2025-12-22,추동,S0,특이 패턴 없음,주요 시나리오 조건 미충족,상시 모니터링 유지,정기 관측 유지,모니터링·분석,,
2024-07-01,회남,S0,특이 패턴 없음,주요 시나리오 조건 미충족,상시 모니터링 유지,정기 관측 유지,모니터링·분석,,
2024-07-08,회남,S2,집중호우·유입 증가,최근 4주 강수·유입 증가 추세,"단기 혼합으로 세포 수 변동 가능, 영양염 유입에 따른 지연 증가 위험",1~2주 후 재예측·채수 주기 단축 | 탁도·유해남조류 동시 추적,모니터링·분석; 물순환·방류·유입,,
2024-07-15,회남,S2,집중호우·유입 증가,최근 4주 강수·유입 증가 추세,"단기 혼합으로 세포 수 변동 가능, 영양염 유입에 따른 지연 증가 위험",1~2주 후 재예측·채수 주기 단축 | 탁도·유해남조류 동시 추적,모니터링·분석; 물순환·방류·유입,,
2024-07-15,회남,SX,모델 기반 위험,"관심 이상 확률 약 48%, 예측 세포수(대략) 362 cells/mL",다음 주 관심 이상 가능성 상대적으로 큼,해당 지점 수질 모니터링 강화 | 취수장 사전 대응·활성탄 등 준비 | 방류량 조정 가능성 검토,모니터링·분석; 물순환·방류·유입; 약품·활성탄; 취수·위치,,
2024-07-22,회남,S2,집중호우·유입 증가,최근 4주 강수·유입 증가 추세,"단기 혼합으로 세포 수 변동 가능, 영양염 유입에 따른 지연 증가 위험",1~2주 후 재예측·채수 주기 단축 | 탁도·유해남조류 동시 추적,모니터링·분석; 물순환·방류·유입,,
2024-07-22,회남,SX,모델 기반 위험,"관심 이상 확률 약 66%, 예측 세포수(대략) 583 cells/mL",다음 주 관심 이상 가능성 상대적으로 큼,해당 지점 수질 모니터링 강화 | 취수장 사전 대응·활성탄 등 준비 | 방류량 조정 가능성 검토,모니터링·분석; 물순환·방류·유입; 약품·활성탄; 취수·위치,,
2024-07-29,회남,SX,모델 기반 위험,"관심 이상 확률 약 84%, 예측 세포수(대략) 2451 cells/mL",다음 주 관심 이상 가능성 상대적으로 큼,해당 지점 수질 모니터링 강화 | 취수장 사전 대응·활성탄 등 준비 | 방류량 조정 가능성 검토,모니터링·분석; 물순환·방류·유입; 약품·활성탄; 취수·위치,,
2024-08-05,회남,S1,폭염·고일조·방류 감소,"최근 4주 평균 수온 높음, 일조 증가 추세, 방류 감소 추세",정체·광합성 유리 → 남조류 증가 가능성,관심 단계 사전 대응 검토 | 현장 채수·종조성 모니터링 강화 | 취수장·정수 약품 투입 계획 점검,모니터링·분석; 물순환·방류·유입; 약품·활성탄; 취수·위치,,
2024-08-05,회남,S3,방류 감소·수온 높음,방류 감소 추세와 고수온,체류시간 증가로 조류 증식 가능성,수문·방류 운영 검토 | 취수 수심·위치 조정 가능성 검토,물순환·방류·유입; 취수·위치,,
2024-08-05,회남,SX,모델 기반 위험,"관심 이상 확률 약 100%, 예측 세포수(대략) 19299 cells/mL",다음 주 관심 이상 가능성 상대적으로 큼,해당 지점 수질 모니터링 강화 | 취수장 사전 대응·활성탄 등 준비 | 방류량 조정 가능성 검토,모니터링·분석; 물순환·방류·유입; 약품·활성탄; 취수·위치,,
2024-08-12,회남,S1,폭염·고일조·방류 감소,"최근 4주 평균 수온 높음, 일조 증가 추세, 방류 감소 추세",정체·광합성 유리 → 남조류 증가 가능성,관심 단계 사전 대응 검토 | 현장 채수·종조성 모니터링 강화 | 취수장·정수 약품 투입 계획 점검,모니터링·분석; 물순환·방류·유입; 약품·활성탄; 취수·위치,,
2024-08-12,회남,S3,방류 감소·수온 높음,방류 감소 추세와 고수온,체류시간 증가로 조류 증식 가능성,수문·방류 운영 검토 | 취수 수심·위치 조정 가능성 검토,물순환·방류·유입; 취수·위치,,
2024-08-12,회남,SX,모델 기반 위험,"관심 이상 확률 약 100%, 예측 세포수(대략) 30718 cells/mL",다음 주 관심 이상 가능성 상대적으로 큼,해당 지점 수질 모니터링 강화 | 취수장 사전 대응·활성탄 등 준비 | 방류량 조정 가능성 검토,모니터링·분석; 물순환·방류·유입; 약품·활성탄; 취수·위치,,
2024-08-19,회남,S1,폭염·고일조·방류 감소,"최근 4주 평균 수온 높음, 일조 증가 추세, 방류 감소 추세",정체·광합성 유리 → 남조류 증가 가능성,관심 단계 사전 대응 검토 | 현장 채수·종조성 모니터링 강화 | 취수장·정수 약품 투입 계획 점검,모니터링·분석; 물순환·방류·유입; 약품·활성탄; 취수·위치,,
2024-08-19,회남,S3,방류 감소·수온 높음,방류 감소 추세와 고수온,체류시간 증가로 조류 증식 가능성,수문·방류 운영 검토 | 취수 수심·위치 조정 가능성 검토,물순환·방류·유입; 취수·위치,,
2024-08-19,회남,S4,Chl-a·pH 상승,클로로필-a 및 pH 상승 추세,"조류 생체량 증가 신호, 유해남조류 증가 가능성",조류 종 분석 강화 | 발령단계 전환 모니터링,모니터링·분석,,
2024-08-19,회남,SX,모델 기반 위험,"관심 이상 확률 약 100%, 예측 세포수(대략) 27461 cells/mL",다음 주 관심 이상 가능성 상대적으로 큼,해당 지점 수질 모니터링 강화 | 취수장 사전 대응·활성탄 등 준비 | 방류량 조정 가능성 검토,모니터링·분석; 물순환·방류·유입; 약품·활성탄; 취수·위치,,
2024-08-26,회남,S3,방류 감소·수온 높음,방류 감소 추세와 고수온,체류시간 증가로 조류 증식 가능성,수문·방류 운영 검토 | 취수 수심·위치 조정 가능성 검토,물순환·방류·유입; 취수·위치,,
2024-08-26,회남,SX,모델 기반 위험,"관심 이상 확률 약 100%, 예측 세포수(대략) 28164 cells/mL",다음 주 관심 이상 가능성 상대적으로 큼,해당 지점 수질 모니터링 강화 | 취수장 사전 대응·활성탄 등 준비 | 방류량 조정 가능성 검토,모니터링·분석; 물순환·방류·유입; 약품·활성탄; 취수·위치,,
2024-09-02,회남,S3,방류 감소·수온 높음,방류 감소 추세와 고수온,체류시간 증가로 조류 증식 가능성,수문·방류 운영 검토 | 취수 수심·위치 조정 가능성 검토,물순환·방류·유입; 취수·위치,,
2024-09-02,회남,SX,모델 기반 위험,"관심 이상 확률 약 100%, 예측 세포수(대략) 17257 cells/mL",다음 주 관심 이상 가능성 상대적으로 큼,해당 지점 수질 모니터링 강화 | 취수장 사전 대응·활성탄 등 준비 | 방류량 조정 가능성 검토,모니터링·분석; 물순환·방류·유입; 약품·활성탄; 취수·위치,,
2024-09-09,회남,S3,방류 감소·수온 높음,방류 감소 추세와 고수온,체류시간 증가로 조류 증식 가능성,수문·방류 운영 검토 | 취수 수심·위치 조정 가능성 검토,물순환·방류·유입; 취수·위치,,
2024-09-09,회남,SX,모델 기반 위험,"관심 이상 확률 약 100%, 예측 세포수(대략) 10478 cells/mL",다음 주 관심 이상 가능성 상대적으로 큼,해당 지점 수질 모니터링 강화 | 취수장 사전 대응·활성탄 등 준비 | 방류량 조정 가능성 검토,모니터링·분석; 물순환·방류·유입; 약품·활성탄; 취수·위치,,
2024-09-16,회남,S1,폭염·고일조·방류 감소,"최근 4주 평균 수온 높음, 일조 증가 추세, 방류 감소 추세",정체·광합성 유리 → 남조류 증가 가능성,관심 단계 사전 대응 검토 | 현장 채수·종조성 모니터링 강화 | 취수장·정수 약품 투입 계획 점검,모니터링·분석; 물순환·방류·유입; 약품·활성탄; 취수·위치,,
2024-09-16,회남,S3,방류 감소·수온 높음,방류 감소 추세와 고수온,체류시간 증가로 조류 증식 가능성,수문·방류 운영 검토 | 취수 수심·위치 조정 가능성 검토,물순환·방류·유입; 취수·위치,,
2024-09-16,회남,SX,모델 기반 위험,"관심 이상 확률 약 100%, 예측 세포수(대략) 22458 cells/mL",다음 주 관심 이상 가능성 상대적으로 큼,해당 지점 수질 모니터링 강화 | 취수장 사전 대응·활성탄 등 준비 | 방류량 조정 가능성 검토,모니터링·분석; 물순환·방류·유입; 약품·활성탄; 취수·위치,,
2024-09-23,회남,S2,집중호우·유입 증가,최근 4주 강수·유입 증가 추세,"단기 혼합으로 세포 수 변동 가능, 영양염 유입에 따른 지연 증가 위험",1~2주 후 재예측·채수 주기 단축 | 탁도·유해남조류 동시 추적,모니터링·분석; 물순환·방류·유입,,
2024-09-23,회남,S3,방류 감소·수온 높음,방류 감소 추세와 고수온,체류시간 증가로 조류 증식 가능성,수문·방류 운영 검토 | 취수 수심·위치 조정 가능성 검토,물순환·방류·유입; 취수·위치,,
2024-09-23,회남,SX,모델 기반 위험,"관심 이상 확률 약 100%, 예측 세포수(대략) 10084 cells/mL",다음 주 관심 이상 가능성 상대적으로 큼,해당 지점 수질 모니터링 강화 | 취수장 사전 대응·활성탄 등 준비 | 방류량 조정 가능성 검토,모니터링·분석; 물순환·방류·유입; 약품·활성탄; 취수·위치,,
2024-09-30,회남,S1,폭염·고일조·방류 감소,"최근 4주 평균 수온 높음, 일조 증가 추세, 방류 감소 추세",정체·광합성 유리 → 남조류 증가 가능성,관심 단계 사전 대응 검토 | 현장 채수·종조성 모니터링 강화 | 취수장·정수 약품 투입 계획 점검,모니터링·분석; 물순환·방류·유입; 약품·활성탄; 취수·위치,,
2024-09-30,회남,S3,방류 감소·수온 높음,방류 감소 추세와 고수온,체류시간 증가로 조류 증식 가능성,수문·방류 운영 검토 | 취수 수심·위치 조정 가능성 검토,물순환·방류·유입; 취수·위치,,
2024-09-30,회남,SX,모델 기반 위험,"관심 이상 확률 약 98%, 예측 세포수(대략) 5941 cells/mL",다음 주 관심 이상 가능성 상대적으로 큼,해당 지점 수질 모니터링 강화 | 취수장 사전 대응·활성탄 등 준비 | 방류량 조정 가능성 검토,모니터링·분석; 물순환·방류·유입; 약품·활성탄; 취수·위치,,
2024-10-07,회남,S3,방류 감소·수온 높음,방류 감소 추세와 고수온,체류시간 증가로 조류 증식 가능성,수문·방류 운영 검토 | 취수 수심·위치 조정 가능성 검토,물순환·방류·유입; 취수·위치,,
2024-10-07,회남,SX,모델 기반 위험,"관심 이상 확률 약 98%, 예측 세포수(대략) 11124 cells/mL",다음 주 관심 이상 가능성 상대적으로 큼,해당 지점 수질 모니터링 강화 | 취수장 사전 대응·활성탄 등 준비 | 방류량 조정 가능성 검토,모니터링·분석; 물순환·방류·유입; 약품·활성탄; 취수·위치,,
2024-10-14,회남,S1,폭염·고일조·방류 감소,"최근 4주 평균 수온 높음, 일조 증가 추세, 방류 감소 추세",정체·광합성 유리 → 남조류 증가 가능성,관심 단계 사전 대응 검토 | 현장 채수·종조성 모니터링 강화 | 취수장·정수 약품 투입 계획 점검,모니터링·분석; 물순환·방류·유입; 약품·활성탄; 취수·위치,,
2024-10-14,회남,S3,방류 감소·수온 높음,방류 감소 추세와 고수온,체류시간 증가로 조류 증식 가능성,수문·방류 운영 검토 | 취수 수심·위치 조정 가능성 검토,물순환·방류·유입; 취수·위치,,
2024-10-14,회남,SX,모델 기반 위험,"관심 이상 확률 약 93%, 예측 세포수(대략) 4711 cells/mL",다음 주 관심 이상 가능성 상대적으로 큼,해당 지점 수질 모니터링 강화 | 취수장 사전 대응·활성탄 등 준비 | 방류량 조정 가능성 검토,모니터링·분석; 물순환·방류·유입; 약품·활성탄; 취수·위치,,
2024-10-21,회남,S2,집중호우·유입 증가,최근 4주 강수·유입 증가 추세,"단기 혼합으로 세포 수 변동 가능, 영양염 유입에 따른 지연 증가 위험",1~2주 후 재예측·채수 주기 단축 | 탁도·유해남조류 동시 추적,모니터링·분석; 물순환·방류·유입,,
2024-10-21,회남,S3,방류 감소·수온 높음,방류 감소 추세와 고수온,체류시간 증가로 조류 증식 가능성,수문·방류 운영 검토 | 취수 수심·위치 조정 가능성 검토,물순환·방류·유입; 취수·위치,,
2024-10-28,회남,S0,특이 패턴 없음,주요 시나리오 조건 미충족,상시 모니터링 유지,정기 관측 유지,모니터링·분석,,
2024-11-04,회남,S3,방류 감소·수온 높음,방류 감소 추세와 고수온,체류시간 증가로 조류 증식 가능성,수문·방류 운영 검토 | 취수 수심·위치 조정 가능성 검토,물순환·방류·유입; 취수·위치,,
2024-11-11,회남,S3,방류 감소·수온 높음,방류 감소 추세와 고수온,체류시간 증가로 조류 증식 가능성,수문·방류 운영 검토 | 취수 수심·위치 조정 가능성 검토,물순환·방류·유입; 취수·위치,,
2024-11-18,회남,S4,Chl-a·pH 상승,클로로필-a 및 pH 상승 추세,"조류 생체량 증가 신호, 유해남조류 증가 가능성",조류 종 분석 강화 | 발령단계 전환 모니터링,모니터링·분석,,
2024-11-25,회남,S0,특이 패턴 없음,주요 시나리오 조건 미충족,상시 모니터링 유지,정기 관측 유지,모니터링·분석,,
2024-12-02,회남,S0,특이 패턴 없음,주요 시나리오 조건 미충족,상시 모니터링 유지,정기 관측 유지,모니터링·분석,,
2024-12-09,회남,S0,특이 패턴 없음,주요 시나리오 조건 미충족,상시 모니터링 유지,정기 관측 유지,모니터링·분석,,
2024-12-16,회남,S0,특이 패턴 없음,주요 시나리오 조건 미충족,상시 모니터링 유지,정기 관측 유지,모니터링·분석,,
2024-12-23,회남,S0,특이 패턴 없음,주요 시나리오 조건 미충족,상시 모니터링 유지,정기 관측 유지,모니터링·분석,,
2024-12-30,회남,S0,특이 패턴 없음,주요 시나리오 조건 미충족,상시 모니터링 유지,정기 관측 유지,모니터링·분석,,
2025-01-06,회남,S4,Chl-a·pH 상승,클로로필-a 및 pH 상승 추세,"조류 생체량 증가 신호, 유해남조류 증가 가능성",조류 종 분석 강화 | 발령단계 전환 모니터링,모니터링·분석,,
2025-01-13,회남,S4,Chl-a·pH 상승,클로로필-a 및 pH 상승 추세,"조류 생체량 증가 신호, 유해남조류 증가 가능성",조류 종 분석 강화 | 발령단계 전환 모니터링,모니터링·분석,,
2025-02-03,회남,S0,특이 패턴 없음,주요 시나리오 조건 미충족,상시 모니터링 유지,정기 관측 유지,모니터링·분석,,
2025-02-10,회남,S0,특이 패턴 없음,주요 시나리오 조건 미충족,상시 모니터링 유지,정기 관측 유지,모니터링·분석,,
2025-02-17,회남,S0,특이 패턴 없음,주요 시나리오 조건 미충족,상시 모니터링 유지,정기 관측 유지,모니터링·분석,,
2025-02-24,회남,S0,특이 패턴 없음,주요 시나리오 조건 미충족,상시 모니터링 유지,정기 관측 유지,모니터링·분석,,
2025-03-03,회남,S0,특이 패턴 없음,주요 시나리오 조건 미충족,상시 모니터링 유지,정기 관측 유지,모니터링·분석,,
2025-03-10,회남,S4,Chl-a·pH 상승,클로로필-a 및 pH 상승 추세,"조류 생체량 증가 신호, 유해남조류 증가 가능성",조류 종 분석 강화 | 발령단계 전환 모니터링,모니터링·분석,,
2025-03-17,회남,S0,특이 패턴 없음,주요 시나리오 조건 미충족,상시 모니터링 유지,정기 관측 유지,모니터링·분석,,
2025-03-24,회남,S0,특이 패턴 없음,주요 시나리오 조건 미충족,상시 모니터링 유지,정기 관측 유지,모니터링·분석,,
2025-03-31,회남,S0,특이 패턴 없음,주요 시나리오 조건 미충족,상시 모니터링 유지,정기 관측 유지,모니터링·분석,,
2025-04-07,회남,S0,특이 패턴 없음,주요 시나리오 조건 미충족,상시 모니터링 유지,정기 관측 유지,모니터링·분석,,
2025-04-14,회남,S4,Chl-a·pH 상승,클로로필-a 및 pH 상승 추세,"조류 생체량 증가 신호, 유해남조류 증가 가능성",조류 종 분석 강화 | 발령단계 전환 모니터링,모니터링·분석,,
2025-04-21,회남,S4,Chl-a·pH 상승,클로로필-a 및 pH 상승 추세,"조류 생체량 증가 신호, 유해남조류 증가 가능성",조류 종 분석 강화 | 발령단계 전환 모니터링,모니터링·분석,,
2025-04-28,회남,S4,Chl-a·pH 상승,클로로필-a 및 pH 상승 추세,"조류 생체량 증가 신호, 유해남조류 증가 가능성",조류 종 분석 강화 | 발령단계 전환 모니터링,모니터링·분석,,
2025-05-05,회남,S0,특이 패턴 없음,주요 시나리오 조건 미충족,상시 모니터링 유지,정기 관측 유지,모니터링·분석,,
2025-05-12,회남,S0,특이 패턴 없음,주요 시나리오 조건 미충족,상시 모니터링 유지,정기 관측 유지,모니터링·분석,,
2025-05-19,회남,S2,집중호우·유입 증가,최근 4주 강수·유입 증가 추세,"단기 혼합으로 세포 수 변동 가능, 영양염 유입에 따른 지연 증가 위험",1~2주 후 재예측·채수 주기 단축 | 탁도·유해남조류 동시 추적,모니터링·분석; 물순환·방류·유입,,
2025-05-26,회남,S4,Chl-a·pH 상승,클로로필-a 및 pH 상승 추세,"조류 생체량 증가 신호, 유해남조류 증가 가능성",조류 종 분석 강화 | 발령단계 전환 모니터링,모니터링·분석,,
2025-06-02,회남,S4,Chl-a·pH 상승,클로로필-a 및 pH 상승 추세,"조류 생체량 증가 신호, 유해남조류 증가 가능성",조류 종 분석 강화 | 발령단계 전환 모니터링,모니터링·분석,,
2025-06-09,회남,S0,특이 패턴 없음,주요 시나리오 조건 미충족,상시 모니터링 유지,정기 관측 유지,모니터링·분석,,
2025-06-16,회남,S2,집중호우·유입 증가,최근 4주 강수·유입 증가 추세,"단기 혼합으로 세포 수 변동 가능, 영양염 유입에 따른 지연 증가 위험",1~2주 후 재예측·채수 주기 단축 | 탁도·유해남조류 동시 추적,모니터링·분석; 물순환·방류·유입,,
2025-06-23,회남,S2,집중호우·유입 증가,최근 4주 강수·유입 증가 추세,"단기 혼합으로 세포 수 변동 가능, 영양염 유입에 따른 지연 증가 위험",1~2주 후 재예측·채수 주기 단축 | 탁도·유해남조류 동시 추적,모니터링·분석; 물순환·방류·유입,,
2025-06-30,회남,S2,집중호우·유입 증가,최근 4주 강수·유입 증가 추세,"단기 혼합으로 세포 수 변동 가능, 영양염 유입에 따른 지연 증가 위험",1~2주 후 재예측·채수 주기 단축 | 탁도·유해남조류 동시 추적,모니터링·분석; 물순환·방류·유입,,
2025-07-07,회남,S0,특이 패턴 없음,주요 시나리오 조건 미충족,상시 모니터링 유지,정기 관측 유지,모니터링·분석,,
2025-07-14,회남,SX,모델 기반 위험,"관심 이상 확률 약 45%, 예측 세포수(대략) 1320 cells/mL",다음 주 관심 이상 가능성 상대적으로 큼,해당 지점 수질 모니터링 강화 | 취수장 사전 대응·활성탄 등 준비 | 방류량 조정 가능성 검토,모니터링·분석; 물순환·방류·유입; 약품·활성탄; 취수·위치,,
2025-07-21,회남,S2,집중호우·유입 증가,최근 4주 강수·유입 증가 추세,"단기 혼합으로 세포 수 변동 가능, 영양염 유입에 따른 지연 증가 위험",1~2주 후 재예측·채수 주기 단축 | 탁도·유해남조류 동시 추적,모니터링·분석; 물순환·방류·유입,,
2025-07-21,회남,S3,방류 감소·수온 높음,방류 감소 추세와 고수온,체류시간 증가로 조류 증식 가능성,수문·방류 운영 검토 | 취수 수심·위치 조정 가능성 검토,물순환·방류·유입; 취수·위치,,
2025-07-21,회남,S4,Chl-a·pH 상승,클로로필-a 및 pH 상승 추세,"조류 생체량 증가 신호, 유해남조류 증가 가능성",조류 종 분석 강화 | 발령단계 전환 모니터링,모니터링·분석,,
2025-07-21,회남,SX,모델 기반 위험,"관심 이상 확률 약 51%, 예측 세포수(대략) 4308 cells/mL",다음 주 관심 이상 가능성 상대적으로 큼,해당 지점 수질 모니터링 강화 | 취수장 사전 대응·활성탄 등 준비 | 방류량 조정 가능성 검토,모니터링·분석; 물순환·방류·유입; 약품·활성탄; 취수·위치,,
2025-07-28,회남,SX,모델 기반 위험,"관심 이상 확률 약 77%, 예측 세포수(대략) 4225 cells/mL",다음 주 관심 이상 가능성 상대적으로 큼,해당 지점 수질 모니터링 강화 | 취수장 사전 대응·활성탄 등 준비 | 방류량 조정 가능성 검토,모니터링·분석; 물순환·방류·유입; 약품·활성탄; 취수·위치,,
2025-08-04,회남,S2,집중호우·유입 증가,최근 4주 강수·유입 증가 추세,"단기 혼합으로 세포 수 변동 가능, 영양염 유입에 따른 지연 증가 위험",1~2주 후 재예측·채수 주기 단축 | 탁도·유해남조류 동시 추적,모니터링·분석; 물순환·방류·유입,,
2025-08-04,회남,SX,모델 기반 위험,"관심 이상 확률 약 100%, 예측 세포수(대략) 31101 cells/mL",다음 주 관심 이상 가능성 상대적으로 큼,해당 지점 수질 모니터링 강화 | 취수장 사전 대응·활성탄 등 준비 | 방류량 조정 가능성 검토,모니터링·분석; 물순환·방류·유입; 약품·활성탄; 취수·위치,,
2025-08-11,회남,SX,모델 기반 위험,"관심 이상 확률 약 100%, 예측 세포수(대략) 38060 cells/mL",다음 주 관심 이상 가능성 상대적으로 큼,해당 지점 수질 모니터링 강화 | 취수장 사전 대응·활성탄 등 준비 | 방류량 조정 가능성 검토,모니터링·분석; 물순환·방류·유입; 약품·활성탄; 취수·위치,,
2025-08-18,회남,S2,집중호우·유입 증가,최근 4주 강수·유입 증가 추세,"단기 혼합으로 세포 수 변동 가능, 영양염 유입에 따른 지연 증가 위험",1~2주 후 재예측·채수 주기 단축 | 탁도·유해남조류 동시 추적,모니터링·분석; 물순환·방류·유입,,
2025-08-18,회남,S3,방류 감소·수온 높음,방류 감소 추세와 고수온,체류시간 증가로 조류 증식 가능성,수문·방류 운영 검토 | 취수 수심·위치 조정 가능성 검토,물순환·방류·유입; 취수·위치,,
2025-08-18,회남,S4,Chl-a·pH 상승,클로로필-a 및 pH 상승 추세,"조류 생체량 증가 신호, 유해남조류 증가 가능성",조류 종 분석 강화 | 발령단계 전환 모니터링,모니터링·분석,,
2025-08-18,회남,SX,모델 기반 위험,"관심 이상 확률 약 100%, 예측 세포수(대략) 27633 cells/mL",다음 주 관심 이상 가능성 상대적으로 큼,해당 지점 수질 모니터링 강화 | 취수장 사전 대응·활성탄 등 준비 | 방류량 조정 가능성 검토,모니터링·분석; 물순환·방류·유입; 약품·활성탄; 취수·위치,,
2025-08-25,회남,S3,방류 감소·수온 높음,방류 감소 추세와 고수온,체류시간 증가로 조류 증식 가능성,수문·방류 운영 검토 | 취수 수심·위치 조정 가능성 검토,물순환·방류·유입; 취수·위치,,
2025-08-25,회남,S4,Chl-a·pH 상승,클로로필-a 및 pH 상승 추세,"조류 생체량 증가 신호, 유해남조류 증가 가능성",조류 종 분석 강화 | 발령단계 전환 모니터링,모니터링·분석,,
2025-08-25,회남,SX,모델 기반 위험,"관심 이상 확률 약 100%, 예측 세포수(대략) 23474 cells/mL",다음 주 관심 이상 가능성 상대적으로 큼,해당 지점 수질 모니터링 강화 | 취수장 사전 대응·활성탄 등 준비 | 방류량 조정 가능성 검토,모니터링·분석; 물순환·방류·유입; 약품·활성탄; 취수·위치,,
2025-09-01,회남,S1,폭염·고일조·방류 감소,"최근 4주 평균 수온 높음, 일조 증가 추세, 방류 감소 추세",정체·광합성 유리 → 남조류 증가 가능성,관심 단계 사전 대응 검토 | 현장 채수·종조성 모니터링 강화 | 취수장·정수 약품 투입 계획 점검,모니터링·분석; 물순환·방류·유입; 약품·활성탄; 취수·위치,,
2025-09-01,회남,S3,방류 감소·수온 높음,방류 감소 추세와 고수온,체류시간 증가로 조류 증식 가능성,수문·방류 운영 검토 | 취수 수심·위치 조정 가능성 검토,물순환·방류·유입; 취수·위치,,
2025-09-01,회남,SX,모델 기반 위험,"관심 이상 확률 약 100%, 예측 세포수(대략) 16296 cells/mL",다음 주 관심 이상 가능성 상대적으로 큼,해당 지점 수질 모니터링 강화 | 취수장 사전 대응·활성탄 등 준비 | 방류량 조정 가능성 검토,모니터링·분석; 물순환·방류·유입; 약품·활성탄; 취수·위치,,
2025-09-08,회남,S1,폭염·고일조·방류 감소,"최근 4주 평균 수온 높음, 일조 증가 추세, 방류 감소 추세",정체·광합성 유리 → 남조류 증가 가능성,관심 단계 사전 대응 검토 | 현장 채수·종조성 모니터링 강화 | 취수장·정수 약품 투입 계획 점검,모니터링·분석; 물순환·방류·유입; 약품·활성탄; 취수·위치,,
2025-09-08,회남,S3,방류 감소·수온 높음,방류 감소 추세와 고수온,체류시간 증가로 조류 증식 가능성,수문·방류 운영 검토 | 취수 수심·위치 조정 가능성 검토,물순환·방류·유입; 취수·위치,,
2025-09-08,회남,SX,모델 기반 위험,"관심 이상 확률 약 100%, 예측 세포수(대략) 16568 cells/mL",다음 주 관심 이상 가능성 상대적으로 큼,해당 지점 수질 모니터링 강화 | 취수장 사전 대응·활성탄 등 준비 | 방류량 조정 가능성 검토,모니터링·분석; 물순환·방류·유입; 약품·활성탄; 취수·위치,,
2025-09-15,회남,S2,집중호우·유입 증가,최근 4주 강수·유입 증가 추세,"단기 혼합으로 세포 수 변동 가능, 영양염 유입에 따른 지연 증가 위험",1~2주 후 재예측·채수 주기 단축 | 탁도·유해남조류 동시 추적,모니터링·분석; 물순환·방류·유입,,
2025-09-15,회남,S3,방류 감소·수온 높음,방류 감소 추세와 고수온,체류시간 증가로 조류 증식 가능성,수문·방류 운영 검토 | 취수 수심·위치 조정 가능성 검토,물순환·방류·유입; 취수·위치,,
2025-09-15,회남,SX,모델 기반 위험,"관심 이상 확률 약 100%, 예측 세포수(대략) 20269 cells/mL",다음 주 관심 이상 가능성 상대적으로 큼,해당 지점 수질 모니터링 강화 | 취수장 사전 대응·활성탄 등 준비 | 방류량 조정 가능성 검토,모니터링·분석; 물순환·방류·유입; 약품·활성탄; 취수·위치,,
2025-09-22,회남,S2,집중호우·유입 증가,최근 4주 강수·유입 증가 추세,"단기 혼합으로 세포 수 변동 가능, 영양염 유입에 따른 지연 증가 위험",1~2주 후 재예측·채수 주기 단축 | 탁도·유해남조류 동시 추적,모니터링·분석; 물순환·방류·유입,,
2025-09-22,회남,S3,방류 감소·수온 높음,방류 감소 추세와 고수온,체류시간 증가로 조류 증식 가능성,수문·방류 운영 검토 | 취수 수심·위치 조정 가능성 검토,물순환·방류·유입; 취수·위치,,
2025-09-22,회남,SX,모델 기반 위험,"관심 이상 확률 약 98%, 예측 세포수(대략) 14912 cells/mL",다음 주 관심 이상 가능성 상대적으로 큼,해당 지점 수질 모니터링 강화 | 취수장 사전 대응·활성탄 등 준비 | 방류량 조정 가능성 검토,모니터링·분석; 물순환·방류·유입; 약품·활성탄; 취수·위치,,
2025-09-29,회남,SX,모델 기반 위험,"관심 이상 확률 약 100%, 예측 세포수(대략) 8109 cells/mL",다음 주 관심 이상 가능성 상대적으로 큼,해당 지점 수질 모니터링 강화 | 취수장 사전 대응·활성탄 등 준비 | 방류량 조정 가능성 검토,모니터링·분석; 물순환·방류·유입; 약품·활성탄; 취수·위치,,
2025-10-06,회남,S1,폭염·고일조·방류 감소,"최근 4주 평균 수온 높음, 일조 증가 추세, 방류 감소 추세",정체·광합성 유리 → 남조류 증가 가능성,관심 단계 사전 대응 검토 | 현장 채수·종조성 모니터링 강화 | 취수장·정수 약품 투입 계획 점검,모니터링·분석; 물순환·방류·유입; 약품·활성탄; 취수·위치,,
2025-10-06,회남,S3,방류 감소·수온 높음,방류 감소 추세와 고수온,체류시간 증가로 조류 증식 가능성,수문·방류 운영 검토 | 취수 수심·위치 조정 가능성 검토,물순환·방류·유입; 취수·위치,,
2025-10-06,회남,SX,모델 기반 위험,"관심 이상 확률 약 98%, 예측 세포수(대략) 8783 cells/mL",다음 주 관심 이상 가능성 상대적으로 큼,해당 지점 수질 모니터링 강화 | 취수장 사전 대응·활성탄 등 준비 | 방류량 조정 가능성 검토,모니터링·분석; 물순환·방류·유입; 약품·활성탄; 취수·위치,,
2025-10-13,회남,S3,방류 감소·수온 높음,방류 감소 추세와 고수온,체류시간 증가로 조류 증식 가능성,수문·방류 운영 검토 | 취수 수심·위치 조정 가능성 검토,물순환·방류·유입; 취수·위치,,
2025-10-13,회남,SX,모델 기반 위험,"관심 이상 확률 약 98%, 예측 세포수(대략) 4937 cells/mL",다음 주 관심 이상 가능성 상대적으로 큼,해당 지점 수질 모니터링 강화 | 취수장 사전 대응·활성탄 등 준비 | 방류량 조정 가능성 검토,모니터링·분석; 물순환·방류·유입; 약품·활성탄; 취수·위치,,
2025-10-20,회남,S2,집중호우·유입 증가,최근 4주 강수·유입 증가 추세,"단기 혼합으로 세포 수 변동 가능, 영양염 유입에 따른 지연 증가 위험",1~2주 후 재예측·채수 주기 단축 | 탁도·유해남조류 동시 추적,모니터링·분석; 물순환·방류·유입,,
2025-10-20,회남,S4,Chl-a·pH 상승,클로로필-a 및 pH 상승 추세,"조류 생체량 증가 신호, 유해남조류 증가 가능성",조류 종 분석 강화 | 발령단계 전환 모니터링,모니터링·분석,,
2025-10-20,회남,SX,모델 기반 위험,"관심 이상 확률 약 98%, 예측 세포수(대략) 6216 cells/mL",다음 주 관심 이상 가능성 상대적으로 큼,해당 지점 수질 모니터링 강화 | 취수장 사전 대응·활성탄 등 준비 | 방류량 조정 가능성 검토,모니터링·분석; 물순환·방류·유입; 약품·활성탄; 취수·위치,,
2025-10-27,회남,S4,Chl-a·pH 상승,클로로필-a 및 pH 상승 추세,"조류 생체량 증가 신호, 유해남조류 증가 가능성",조류 종 분석 강화 | 발령단계 전환 모니터링,모니터링·분석,,
2025-10-27,회남,SX,모델 기반 위험,"관심 이상 확률 약 95%, 예측 세포수(대략) 3334 cells/mL",다음 주 관심 이상 가능성 상대적으로 큼,해당 지점 수질 모니터링 강화 | 취수장 사전 대응·활성탄 등 준비 | 방류량 조정 가능성 검토,모니터링·분석; 물순환·방류·유입; 약품·활성탄; 취수·위치,,
2025-11-03,회남,SX,모델 기반 위험,"관심 이상 확률 약 70%, 예측 세포수(대략) 1144 cells/mL",다음 주 관심 이상 가능성 상대적으로 큼,해당 지점 수질 모니터링 강화 | 취수장 사전 대응·활성탄 등 준비 | 방류량 조정 가능성 검토,모니터링·분석; 물순환·방류·유입; 약품·활성탄; 취수·위치,,
2025-11-10,회남,S3,방류 감소·수온 높음,방류 감소 추세와 고수온,체류시간 증가로 조류 증식 가능성,수문·방류 운영 검토 | 취수 수심·위치 조정 가능성 검토,물순환·방류·유입; 취수·위치,,
2025-11-10,회남,SX,모델 기반 위험,"관심 이상 확률 약 54%, 예측 세포수(대략) 858 cells/mL",다음 주 관심 이상 가능성 상대적으로 큼,해당 지점 수질 모니터링 강화 | 취수장 사전 대응·활성탄 등 준비 | 방류량 조정 가능성 검토,모니터링·분석; 물순환·방류·유입; 약품·활성탄; 취수·위치,,
2025-11-17,회남,S0,특이 패턴 없음,주요 시나리오 조건 미충족,상시 모니터링 유지,정기 관측 유지,모니터링·분석,,
2025-11-24,회남,S0,특이 패턴 없음,주요 시나리오 조건 미충족,상시 모니터링 유지,정기 관측 유지,모니터링·분석,,
2025-12-01,회남,S0,특이 패턴 없음,주요 시나리오 조건 미충족,상시 모니터링 유지,정기 관측 유지,모니터링·분석,,
2025-12-08,회남,S4,Chl-a·pH 상승,클로로필-a 및 pH 상승 추세,"조류 생체량 증가 신호, 유해남조류 증가 가능성",조류 종 분석 강화 | 발령단계 전환 모니터링,모니터링·분석,,
2025-12-15,회남,S0,특이 패턴 없음,주요 시나리오 조건 미충족,상시 모니터링 유지,정기 관측 유지,모니터링·분석,,
2025-12-22,회남,S0,특이 패턴 없음,주요 시나리오 조건 미충족,상시 모니터링 유지,정기 관측 유지,모니터링·분석,,
